Date,Site Name,Total Gas Production,Gas Sales
12/1/2020,BARRICADE 11-7,221,221
12/2/2020,BARRICADE 11-7,218,218
12/3/2020,BARRICADE 11-7,221,221
12/4/2020,BARRICADE 11-7,230,230
12/5/2020,BARRICADE 11-7,221,221
12/6/2020,BARRICADE 11-7,220,220
12/7/2020,BARRICADE 11-7,231,231
12/8/2020,BARRICADE 11-7,217,217
12/9/2020,BARRICADE 11-7,230,230
12/10/2020,BARRICADE 11-7,222,222
12/11/2020,BARRICADE 11-7,217,217
12/12/2020,BARRICADE 11-7,229,229
12/13/2020,BARRICADE 11-7,216,216
12/14/2020,BARRICADE 11-7,231,231
12/15/2020,BARRICADE 11-7,218,218
12/16/2020,BARRICADE 11-7,219,219
12/17/2020,BARRICADE 11-7,229,229
12/18/2020,BARRICADE 11-7,217,217
12/19/2020,BARRICADE 11-7,224,224
12/20/2020,BARRICADE 11-7,214,214
12/21/2020,BARRICADE 11-7,215,215
12/22/2020,BARRICADE 11-7,228,228
12/23/2020,BARRICADE 11-7,211,211
12/24/2020,BARRICADE 11-7,222,222
12/25/2020,BARRICADE 11-7,217,217
12/26/2020,BARRICADE 11-7,212,212
12/27/2020,BARRICADE 11-7,227,227
12/28/2020,BARRICADE 11-7,213,213
12/29/2020,BARRICADE 11-7,222,222
12/30/2020,BARRICADE 11-7,193,193
12/31/2020,BARRICADE 11-7,229,229
12/1/2020,BARRICADE 14-01V,129.12,0
12/2/2020,BARRICADE 14-01V,127.95,0
12/3/2020,BARRICADE 14-01V,122.71,0
12/4/2020,BARRICADE 14-01V,129.82,0
12/5/2020,BARRICADE 14-01V,126.85,0
12/6/2020,BARRICADE 14-01V,129.42,0
12/7/2020,BARRICADE 14-01V,130.53,0
12/8/2020,BARRICADE 14-01V,128.95,0
12/9/2020,BARRICADE 14-01V,128.73,0
12/10/2020,BARRICADE 14-01V,130.96,0
12/11/2020,BARRICADE 14-01V,134.08,0
12/12/2020,BARRICADE 14-01V,145.14,0
12/13/2020,BARRICADE 14-01V,143.13,0
12/14/2020,BARRICADE 14-01V,148.03,0
12/15/2020,BARRICADE 14-01V,136.44,0
12/16/2020,BARRICADE 14-01V,137.71,0
12/17/2020,BARRICADE 14-01V,127.83,0
12/18/2020,BARRICADE 14-01V,151.96,0
12/19/2020,BARRICADE 14-01V,141.34,0
12/20/2020,BARRICADE 14-01V,148.23,0
12/21/2020,BARRICADE 14-01V,140.37,0
12/22/2020,BARRICADE 14-01V,147.53,0
12/23/2020,BARRICADE 14-01V,147.74,0
12/24/2020,BARRICADE 14-01V,128.91,0
12/25/2020,BARRICADE 14-01V,126.06,0
12/26/2020,BARRICADE 14-01V,125.3,0
12/27/2020,BARRICADE 14-01V,131.47,0
12/28/2020,BARRICADE 14-01V,132.75,0
12/29/2020,BARRICADE 14-01V,116.56,0
12/30/2020,BARRICADE 14-01V,100.46,0
12/31/2020,BARRICADE 14-01V,88.65,0
12/1/2020,BARRICADE 1496-S26-05V,174.1,174.1
12/2/2020,BARRICADE 1496-S26-05V,177.66,177.66
12/3/2020,BARRICADE 1496-S26-05V,178.23,178.23
12/4/2020,BARRICADE 1496-S26-05V,174.11,174.11
12/5/2020,BARRICADE 1496-S26-05V,173.78,173.78
12/6/2020,BARRICADE 1496-S26-05V,180.04,180.04
12/7/2020,BARRICADE 1496-S26-05V,173.07,173.07
12/8/2020,BARRICADE 1496-S26-05V,174.03,174.03
12/9/2020,BARRICADE 1496-S26-05V,179.78,179.78
12/10/2020,BARRICADE 1496-S26-05V,172.02,172.02
12/11/2020,BARRICADE 1496-S26-05V,177.47,177.47
12/12/2020,BARRICADE 1496-S26-05V,172.39,172.39
12/13/2020,BARRICADE 1496-S26-05V,130.32,130.32
12/14/2020,BARRICADE 1496-S26-05V,105.91,105.91
12/15/2020,BARRICADE 1496-S26-05V,114.33,114.33
12/16/2020,BARRICADE 1496-S26-05V,151.1,151.1
12/17/2020,BARRICADE 1496-S26-05V,190.49,190.49
12/18/2020,BARRICADE 1496-S26-05V,181.16,181.16
12/19/2020,BARRICADE 1496-S26-05V,185.32,185.32
12/20/2020,BARRICADE 1496-S26-05V,185.5,185.5
12/21/2020,BARRICADE 1496-S26-05V,181.93,181.93
12/22/2020,BARRICADE 1496-S26-05V,180.01,180.01
12/23/2020,BARRICADE 1496-S26-05V,182.07,182.07
12/24/2020,BARRICADE 1496-S26-05V,177.73,177.73
12/25/2020,BARRICADE 1496-S26-05V,169.17,169.17
12/26/2020,BARRICADE 1496-S26-05V,154.84,154.84
12/27/2020,BARRICADE 1496-S26-05V,180.66,180.66
12/28/2020,BARRICADE 1496-S26-05V,174.53,174.53
12/29/2020,BARRICADE 1496-S26-05V,89.1,89.1
12/30/2020,BARRICADE 1496-S26-05V,128.85,128.85
12/31/2020,BARRICADE 1496-S26-05V,168.79,168.79
12/1/2020,BARRICADE 1496-S26-16V,220.27,220.27
12/2/2020,BARRICADE 1496-S26-16V,216.91,216.91
12/3/2020,BARRICADE 1496-S26-16V,217.08,217.08
12/4/2020,BARRICADE 1496-S26-16V,220.06,220.06
12/5/2020,BARRICADE 1496-S26-16V,218.57,218.57
12/6/2020,BARRICADE 1496-S26-16V,218.41,218.41
12/7/2020,BARRICADE 1496-S26-16V,217.88,217.88
12/8/2020,BARRICADE 1496-S26-16V,216.34,216.34
12/9/2020,BARRICADE 1496-S26-16V,215.32,215.32
12/10/2020,BARRICADE 1496-S26-16V,215.55,215.55
12/11/2020,BARRICADE 1496-S26-16V,213.63,213.63
12/12/2020,BARRICADE 1496-S26-16V,212.65,212.65
12/13/2020,BARRICADE 1496-S26-16V,215.52,215.52
12/14/2020,BARRICADE 1496-S26-16V,214.92,214.92
12/15/2020,BARRICADE 1496-S26-16V,215.31,215.31
12/16/2020,BARRICADE 1496-S26-16V,213.45,213.45
12/17/2020,BARRICADE 1496-S26-16V,222.1,222.1
12/18/2020,BARRICADE 1496-S26-16V,218.21,218.21
12/19/2020,BARRICADE 1496-S26-16V,214.83,214.83
12/20/2020,BARRICADE 1496-S26-16V,211.91,211.91
12/21/2020,BARRICADE 1496-S26-16V,222.22,222.22
12/22/2020,BARRICADE 1496-S26-16V,212.66,212.66
12/23/2020,BARRICADE 1496-S26-16V,213.3,213.3
12/24/2020,BARRICADE 1496-S26-16V,220.36,220.36
12/25/2020,BARRICADE 1496-S26-16V,215.12,215.12
12/26/2020,BARRICADE 1496-S26-16V,215.33,215.33
12/27/2020,BARRICADE 1496-S26-16V,211.26,211.26
12/28/2020,BARRICADE 1496-S26-16V,212.83,212.83
12/29/2020,BARRICADE 1496-S26-16V,58.77,58.77
12/30/2020,BARRICADE 1496-S26-16V,68.39,68.39
12/31/2020,BARRICADE 1496-S26-16V,17.13,17.13
12/1/2020,BARRICADE 1595-S31-11V,481.04,0
12/2/2020,BARRICADE 1595-S31-11V,481.34,0
12/3/2020,BARRICADE 1595-S31-11V,481.83,0
12/4/2020,BARRICADE 1595-S31-11V,481.27,0
12/5/2020,BARRICADE 1595-S31-11V,488.82,0
12/6/2020,BARRICADE 1595-S31-11V,484.38,0
12/7/2020,BARRICADE 1595-S31-11V,482.25,0
12/8/2020,BARRICADE 1595-S31-11V,471.36,0
12/9/2020,BARRICADE 1595-S31-11V,489.54,0
12/10/2020,BARRICADE 1595-S31-11V,488.86,0
12/11/2020,BARRICADE 1595-S31-11V,482.78,0
12/12/2020,BARRICADE 1595-S31-11V,491.12,0
12/13/2020,BARRICADE 1595-S31-11V,480.24,0
12/14/2020,BARRICADE 1595-S31-11V,480.7,0
12/15/2020,BARRICADE 1595-S31-11V,486.62,0
12/16/2020,BARRICADE 1595-S31-11V,483.15,0
12/17/2020,BARRICADE 1595-S31-11V,479.48,0
12/18/2020,BARRICADE 1595-S31-11V,479.75,0
12/19/2020,BARRICADE 1595-S31-11V,477.11,0
12/20/2020,BARRICADE 1595-S31-11V,481.54,0
12/21/2020,BARRICADE 1595-S31-11V,478.49,0
12/22/2020,BARRICADE 1595-S31-11V,477.52,0
12/23/2020,BARRICADE 1595-S31-11V,478.64,0
12/24/2020,BARRICADE 1595-S31-11V,480.73,0
12/25/2020,BARRICADE 1595-S31-11V,477.74,0
12/26/2020,BARRICADE 1595-S31-11V,486.6,0
12/27/2020,BARRICADE 1595-S31-11V,489.68,0
12/28/2020,BARRICADE 1595-S31-11V,484.93,0
12/29/2020,BARRICADE 1595-S31-11V,475.05,0
12/30/2020,BARRICADE 1595-S31-11V,478.99,0
12/31/2020,BARRICADE 1595-S31-11V,489.26,0
12/1/2020,BARRICADE 1595-S31-16V,1004.32,0
12/2/2020,BARRICADE 1595-S31-16V,1000.52,0
12/3/2020,BARRICADE 1595-S31-16V,995.99,0
12/4/2020,BARRICADE 1595-S31-16V,991.64,0
12/5/2020,BARRICADE 1595-S31-16V,993.01,0
12/6/2020,BARRICADE 1595-S31-16V,995.32,0
12/7/2020,BARRICADE 1595-S31-16V,992.73,0
12/8/2020,BARRICADE 1595-S31-16V,994.41,0
12/9/2020,BARRICADE 1595-S31-16V,995.83,0
12/10/2020,BARRICADE 1595-S31-16V,986.33,0
12/11/2020,BARRICADE 1595-S31-16V,994.02,0
12/12/2020,BARRICADE 1595-S31-16V,985.37,0
12/13/2020,BARRICADE 1595-S31-16V,983.04,0
12/14/2020,BARRICADE 1595-S31-16V,989.86,0
12/15/2020,BARRICADE 1595-S31-16V,987.15,0
12/16/2020,BARRICADE 1595-S31-16V,992.12,0
12/17/2020,BARRICADE 1595-S31-16V,1012.95,0
12/18/2020,BARRICADE 1595-S31-16V,861.98,0
12/19/2020,BARRICADE 1595-S31-16V,981.8,0
12/20/2020,BARRICADE 1595-S31-16V,991.88,0
12/21/2020,BARRICADE 1595-S31-16V,964.23,0
12/22/2020,BARRICADE 1595-S31-16V,989.49,0
12/23/2020,BARRICADE 1595-S31-16V,946.95,0
12/24/2020,BARRICADE 1595-S31-16V,968.11,0
12/25/2020,BARRICADE 1595-S31-16V,981.3,0
12/26/2020,BARRICADE 1595-S31-16V,957.76,0
12/27/2020,BARRICADE 1595-S31-16V,984.81,0
12/28/2020,BARRICADE 1595-S31-16V,959.39,0
12/29/2020,BARRICADE 1595-S31-16V,877.34,0
12/30/2020,BARRICADE 1595-S31-16V,946.25,0
12/31/2020,BARRICADE 1595-S31-16V,1008.67,0
12/1/2020,BARRICADE 21-11N1MH,287.59,0
12/2/2020,BARRICADE 21-11N1MH,295.85,0
12/3/2020,BARRICADE 21-11N1MH,286.31,0
12/4/2020,BARRICADE 21-11N1MH,296.24,0
12/5/2020,BARRICADE 21-11N1MH,470.71,0
12/6/2020,BARRICADE 21-11N1MH,530.73,0
12/7/2020,BARRICADE 21-11N1MH,283.24,0
12/8/2020,BARRICADE 21-11N1MH,274.27,0
12/9/2020,BARRICADE 21-11N1MH,318.09,0
12/10/2020,BARRICADE 21-11N1MH,412.87,0
12/11/2020,BARRICADE 21-11N1MH,522.71,0
12/12/2020,BARRICADE 21-11N1MH,290.34,0
12/13/2020,BARRICADE 21-11N1MH,288.35,0
12/14/2020,BARRICADE 21-11N1MH,327.1,0
12/15/2020,BARRICADE 21-11N1MH,322.5,0
12/16/2020,BARRICADE 21-11N1MH,312.19,0
12/17/2020,BARRICADE 21-11N1MH,245.02,0
12/18/2020,BARRICADE 21-11N1MH,278.25,0
12/19/2020,BARRICADE 21-11N1MH,285.31,0
12/20/2020,BARRICADE 21-11N1MH,161.72,0
12/21/2020,BARRICADE 21-11N1MH,235.3,0
12/22/2020,BARRICADE 21-11N1MH,356.49,0
12/23/2020,BARRICADE 21-11N1MH,318.68,0
12/24/2020,BARRICADE 21-11N1MH,199.79,0
12/25/2020,BARRICADE 21-11N1MH,227.66,0
12/26/2020,BARRICADE 21-11N1MH,346.34,0
12/27/2020,BARRICADE 21-11N1MH,311.54,0
12/28/2020,BARRICADE 21-11N1MH,297.27,0
12/29/2020,BARRICADE 21-11N1MH,292.33,0
12/30/2020,BARRICADE 21-11N1MH,290.63,0
12/31/2020,BARRICADE 21-11N1MH,284.83,0
12/1/2020,BARRICADE 22-06-4H,373.46,0
12/2/2020,BARRICADE 22-06-4H,357.8,0
12/3/2020,BARRICADE 22-06-4H,383.5,0
12/4/2020,BARRICADE 22-06-4H,379.93,0
12/5/2020,BARRICADE 22-06-4H,373.63,0
12/6/2020,BARRICADE 22-06-4H,379.85,0
12/7/2020,BARRICADE 22-06-4H,378.97,0
12/8/2020,BARRICADE 22-06-4H,380.32,0
12/9/2020,BARRICADE 22-06-4H,378.26,0
12/10/2020,BARRICADE 22-06-4H,374.46,0
12/11/2020,BARRICADE 22-06-4H,375.35,0
12/12/2020,BARRICADE 22-06-4H,374.74,0
12/13/2020,BARRICADE 22-06-4H,373.96,0
12/14/2020,BARRICADE 22-06-4H,373.67,0
12/15/2020,BARRICADE 22-06-4H,373.7,0
12/16/2020,BARRICADE 22-06-4H,375.3,0
12/17/2020,BARRICADE 22-06-4H,376,0
12/18/2020,BARRICADE 22-06-4H,377,0
12/19/2020,BARRICADE 22-06-4H,377,0
12/20/2020,BARRICADE 22-06-4H,377,0
12/21/2020,BARRICADE 22-06-4H,387,0
12/22/2020,BARRICADE 22-06-4H,375,0
12/23/2020,BARRICADE 22-06-4H,384,0
12/24/2020,BARRICADE 22-06-4H,382,0
12/25/2020,BARRICADE 22-06-4H,375,0
12/26/2020,BARRICADE 22-06-4H,375,0
12/27/2020,BARRICADE 22-06-4H,375,0
12/28/2020,BARRICADE 22-06-4H,387,0
12/29/2020,BARRICADE 22-06-4H,388,0
12/30/2020,BARRICADE 22-06-4H,375,0
12/31/2020,BARRICADE 22-06-4H,386,0
12/1/2020,BARRICADE 22-06-5H,395.48,0
12/2/2020,BARRICADE 22-06-5H,381.73,0
12/3/2020,BARRICADE 22-06-5H,407.67,0
12/4/2020,BARRICADE 22-06-5H,401.79,0
12/5/2020,BARRICADE 22-06-5H,402.44,0
12/6/2020,BARRICADE 22-06-5H,402.48,0
12/7/2020,BARRICADE 22-06-5H,403.87,0
12/8/2020,BARRICADE 22-06-5H,401.29,0
12/9/2020,BARRICADE 22-06-5H,404.02,0
12/10/2020,BARRICADE 22-06-5H,401.66,0
12/11/2020,BARRICADE 22-06-5H,400.75,0
12/12/2020,BARRICADE 22-06-5H,401.21,0
12/13/2020,BARRICADE 22-06-5H,366.59,0
12/14/2020,BARRICADE 22-06-5H,332.54,0
12/15/2020,BARRICADE 22-06-5H,274.63,0
12/16/2020,BARRICADE 22-06-5H,263.71,0
12/17/2020,BARRICADE 22-06-5H,241.2,0
12/18/2020,BARRICADE 22-06-5H,243.21,0
12/19/2020,BARRICADE 22-06-5H,249.43,0
12/20/2020,BARRICADE 22-06-5H,249.31,0
12/21/2020,BARRICADE 22-06-5H,250.44,0
12/22/2020,BARRICADE 22-06-5H,249.02,0
12/23/2020,BARRICADE 22-06-5H,237.1,0
12/24/2020,BARRICADE 22-06-5H,229.91,0
12/25/2020,BARRICADE 22-06-5H,229.23,0
12/26/2020,BARRICADE 22-06-5H,232.41,0
12/27/2020,BARRICADE 22-06-5H,222.92,0
12/28/2020,BARRICADE 22-06-5H,218.84,0
12/29/2020,BARRICADE 22-06-5H,216.88,0
12/30/2020,BARRICADE 22-06-5H,205.8,0
12/31/2020,BARRICADE 22-06-5H,205.2,0
12/1/2020,BARRICADE 23-31-2H,151.45,0
12/2/2020,BARRICADE 23-31-2H,152.98,0
12/3/2020,BARRICADE 23-31-2H,152.41,0
12/4/2020,BARRICADE 23-31-2H,154.4,0
12/5/2020,BARRICADE 23-31-2H,155.46,0
12/6/2020,BARRICADE 23-31-2H,154.03,0
12/7/2020,BARRICADE 23-31-2H,155.7,0
12/8/2020,BARRICADE 23-31-2H,150.79,0
12/9/2020,BARRICADE 23-31-2H,152.42,0
12/10/2020,BARRICADE 23-31-2H,154.22,0
12/11/2020,BARRICADE 23-31-2H,152.57,0
12/12/2020,BARRICADE 23-31-2H,154.25,0
12/13/2020,BARRICADE 23-31-2H,153.36,0
12/14/2020,BARRICADE 23-31-2H,150.78,0
12/15/2020,BARRICADE 23-31-2H,153.46,0
12/16/2020,BARRICADE 23-31-2H,151.8,0
12/17/2020,BARRICADE 23-31-2H,145.11,0
12/18/2020,BARRICADE 23-31-2H,147.72,0
12/19/2020,BARRICADE 23-31-2H,144.96,0
12/20/2020,BARRICADE 23-31-2H,150.28,0
12/21/2020,BARRICADE 23-31-2H,141.39,0
12/22/2020,BARRICADE 23-31-2H,140.99,0
12/23/2020,BARRICADE 23-31-2H,145.11,0
12/24/2020,BARRICADE 23-31-2H,152.52,0
12/25/2020,BARRICADE 23-31-2H,153.78,0
12/26/2020,BARRICADE 23-31-2H,144.74,0
12/27/2020,BARRICADE 23-31-2H,149.18,0
12/28/2020,BARRICADE 23-31-2H,157.36,0
12/29/2020,BARRICADE 23-31-2H,147.16,0
12/30/2020,BARRICADE 23-31-2H,143.26,0
12/31/2020,BARRICADE 23-31-2H,155.97,0
12/1/2020,BARRICADE 23-31-3H,792.61,0
12/2/2020,BARRICADE 23-31-3H,789.04,0
12/3/2020,BARRICADE 23-31-3H,773.62,0
12/4/2020,BARRICADE 23-31-3H,775.12,0
12/5/2020,BARRICADE 23-31-3H,777.24,0
12/6/2020,BARRICADE 23-31-3H,777.58,0
12/7/2020,BARRICADE 23-31-3H,777.65,0
12/8/2020,BARRICADE 23-31-3H,778.11,0
12/9/2020,BARRICADE 23-31-3H,777.75,0
12/10/2020,BARRICADE 23-31-3H,779.68,0
12/11/2020,BARRICADE 23-31-3H,776.73,0
12/12/2020,BARRICADE 23-31-3H,774.17,0
12/13/2020,BARRICADE 23-31-3H,771.85,0
12/14/2020,BARRICADE 23-31-3H,774.53,0
12/15/2020,BARRICADE 23-31-3H,773.54,0
12/16/2020,BARRICADE 23-31-3H,774.81,0
12/17/2020,BARRICADE 23-31-3H,774.71,0
12/18/2020,BARRICADE 23-31-3H,776.93,0
12/19/2020,BARRICADE 23-31-3H,773.85,0
12/20/2020,BARRICADE 23-31-3H,768.64,0
12/21/2020,BARRICADE 23-31-3H,766.3,0
12/22/2020,BARRICADE 23-31-3H,769.38,0
12/23/2020,BARRICADE 23-31-3H,767.74,0
12/24/2020,BARRICADE 23-31-3H,762.63,0
12/25/2020,BARRICADE 23-31-3H,744,0
12/26/2020,BARRICADE 23-31-3H,755.43,0
12/27/2020,BARRICADE 23-31-3H,775.79,0
12/28/2020,BARRICADE 23-31-3H,763.01,0
12/29/2020,BARRICADE 23-31-3H,743.57,0
12/30/2020,BARRICADE 23-31-3H,757.77,0
12/31/2020,BARRICADE 23-31-3H,775.52,0
12/1/2020,BARRICADE 24-36S1LH,313.09,0
12/2/2020,BARRICADE 24-36S1LH,313.55,0
12/3/2020,BARRICADE 24-36S1LH,310.83,0
12/4/2020,BARRICADE 24-36S1LH,311.03,0
12/5/2020,BARRICADE 24-36S1LH,315.16,0
12/6/2020,BARRICADE 24-36S1LH,312.25,0
12/7/2020,BARRICADE 24-36S1LH,304.1,0
12/8/2020,BARRICADE 24-36S1LH,313.97,0
12/9/2020,BARRICADE 24-36S1LH,309.38,0
12/10/2020,BARRICADE 24-36S1LH,310.59,0
12/11/2020,BARRICADE 24-36S1LH,311.55,0
12/12/2020,BARRICADE 24-36S1LH,309.82,0
12/13/2020,BARRICADE 24-36S1LH,311.98,0
12/14/2020,BARRICADE 24-36S1LH,308.62,0
12/15/2020,BARRICADE 24-36S1LH,309.3,0
12/16/2020,BARRICADE 24-36S1LH,307.47,0
12/17/2020,BARRICADE 24-36S1LH,309.76,0
12/18/2020,BARRICADE 24-36S1LH,307.89,0
12/19/2020,BARRICADE 24-36S1LH,309.07,0
12/20/2020,BARRICADE 24-36S1LH,307.14,0
12/21/2020,BARRICADE 24-36S1LH,309.25,0
12/22/2020,BARRICADE 24-36S1LH,307.87,0
12/23/2020,BARRICADE 24-36S1LH,306.55,0
12/24/2020,BARRICADE 24-36S1LH,308.21,0
12/25/2020,BARRICADE 24-36S1LH,306.27,0
12/26/2020,BARRICADE 24-36S1LH,308.83,0
12/27/2020,BARRICADE 24-36S1LH,308.51,0
12/28/2020,BARRICADE 24-36S1LH,311.46,0
12/29/2020,BARRICADE 24-36S1LH,292.56,0
12/30/2020,BARRICADE 24-36S1LH,318.39,0
12/31/2020,BARRICADE 24-36S1LH,309.77,0
12/1/2020,BARRICADE 24-36S2MH,733.85,0
12/2/2020,BARRICADE 24-36S2MH,726.54,0
12/3/2020,BARRICADE 24-36S2MH,716.62,0
12/4/2020,BARRICADE 24-36S2MH,719.33,0
12/5/2020,BARRICADE 24-36S2MH,719.15,0
12/6/2020,BARRICADE 24-36S2MH,723.79,0
12/7/2020,BARRICADE 24-36S2MH,710.49,0
12/8/2020,BARRICADE 24-36S2MH,722.41,0
12/9/2020,BARRICADE 24-36S2MH,720.78,0
12/10/2020,BARRICADE 24-36S2MH,721.33,0
12/11/2020,BARRICADE 24-36S2MH,721.61,0
12/12/2020,BARRICADE 24-36S2MH,719.32,0
12/13/2020,BARRICADE 24-36S2MH,717.03,0
12/14/2020,BARRICADE 24-36S2MH,721.69,0
12/15/2020,BARRICADE 24-36S2MH,718.95,0
12/16/2020,BARRICADE 24-36S2MH,725.07,0
12/17/2020,BARRICADE 24-36S2MH,715.9,0
12/18/2020,BARRICADE 24-36S2MH,715.57,0
12/19/2020,BARRICADE 24-36S2MH,716.44,0
12/20/2020,BARRICADE 24-36S2MH,718.8,0
12/21/2020,BARRICADE 24-36S2MH,714.18,0
12/22/2020,BARRICADE 24-36S2MH,711.07,0
12/23/2020,BARRICADE 24-36S2MH,715.56,0
12/24/2020,BARRICADE 24-36S2MH,712.5,0
12/25/2020,BARRICADE 24-36S2MH,707.63,0
12/26/2020,BARRICADE 24-36S2MH,712.85,0
12/27/2020,BARRICADE 24-36S2MH,717.65,0
12/28/2020,BARRICADE 24-36S2MH,709.54,0
12/29/2020,BARRICADE 24-36S2MH,694.35,0
12/30/2020,BARRICADE 24-36S2MH,713.92,0
12/31/2020,BARRICADE 24-36S2MH,720.36,0
12/1/2020,BARRICADE 32NE-6D,178.84,178.84
12/2/2020,BARRICADE 32NE-6D,176.81,176.81
12/3/2020,BARRICADE 32NE-6D,175.92,175.92
12/4/2020,BARRICADE 32NE-6D,179.84,179.84
12/5/2020,BARRICADE 32NE-6D,167.53,167.53
12/6/2020,BARRICADE 32NE-6D,178.41,178.41
12/7/2020,BARRICADE 32NE-6D,176.39,176.39
12/8/2020,BARRICADE 32NE-6D,169.88,169.88
12/9/2020,BARRICADE 32NE-6D,164.55,164.55
12/10/2020,BARRICADE 32NE-6D,171.65,171.65
12/11/2020,BARRICADE 32NE-6D,175.06,175.06
12/12/2020,BARRICADE 32NE-6D,172.32,172.32
12/13/2020,BARRICADE 32NE-6D,172.4,172.4
12/14/2020,BARRICADE 32NE-6D,168.47,168.47
12/15/2020,BARRICADE 32NE-6D,157.34,157.34
12/16/2020,BARRICADE 32NE-6D,122.48,122.48
12/17/2020,BARRICADE 32NE-6D,142.78,142.78
12/18/2020,BARRICADE 32NE-6D,158.43,158.43
12/19/2020,BARRICADE 32NE-6D,133.17,133.17
12/20/2020,BARRICADE 32NE-6D,155.08,155.08
12/21/2020,BARRICADE 32NE-6D,144.34,144.34
12/22/2020,BARRICADE 32NE-6D,156.7,156.7
12/23/2020,BARRICADE 32NE-6D,160.82,160.82
12/24/2020,BARRICADE 32NE-6D,162.28,162.28
12/25/2020,BARRICADE 32NE-6D,157.57,157.57
12/26/2020,BARRICADE 32NE-6D,150.11,150.11
12/27/2020,BARRICADE 32NE-6D,142.1,142.1
12/28/2020,BARRICADE 32NE-6D,127.56,127.56
12/29/2020,BARRICADE 32NE-6D,131.94,131.94
12/30/2020,BARRICADE 32NE-6D,151.85,151.85
12/31/2020,BARRICADE 32NE-6D,149.11,149.11
12/1/2020,BARRICADE 34-24V,59,0
12/2/2020,BARRICADE 34-24V,132,0
12/3/2020,BARRICADE 34-24V,170,0
12/4/2020,BARRICADE 34-24V,168,0
12/5/2020,BARRICADE 34-24V,170,0
12/6/2020,BARRICADE 34-24V,176,0
12/7/2020,BARRICADE 34-24V,165,0
12/8/2020,BARRICADE 34-24V,165,0
12/9/2020,BARRICADE 34-24V,153,0
12/10/2020,BARRICADE 34-24V,151,0
12/11/2020,BARRICADE 34-24V,148,0
12/12/2020,BARRICADE 34-24V,148,0
12/13/2020,BARRICADE 34-24V,160,0
12/14/2020,BARRICADE 34-24V,146,0
12/15/2020,BARRICADE 34-24V,148,0
12/16/2020,BARRICADE 34-24V,141,0
12/17/2020,BARRICADE 34-24V,137,0
12/18/2020,BARRICADE 34-24V,141,0
12/19/2020,BARRICADE 34-24V,135,0
12/20/2020,BARRICADE 34-24V,140,0
12/21/2020,BARRICADE 34-24V,137,0
12/22/2020,BARRICADE 34-24V,136,0
12/23/2020,BARRICADE 34-24V,134,0
12/24/2020,BARRICADE 34-24V,133,0
12/25/2020,BARRICADE 34-24V,118,0
12/26/2020,BARRICADE 34-24V,132,0
12/27/2020,BARRICADE 34-24V,129,0
12/28/2020,BARRICADE 34-24V,134,0
12/29/2020,BARRICADE 34-24V,131,0
12/30/2020,BARRICADE 34-24V,128,0
12/31/2020,BARRICADE 34-24V,134,0
12/1/2020,BARRICADE 41-01,85,0
12/2/2020,BARRICADE 41-01,94,0
12/3/2020,BARRICADE 41-01,87,0
12/4/2020,BARRICADE 41-01,91,0
12/5/2020,BARRICADE 41-01,82,0
12/6/2020,BARRICADE 41-01,86,0
12/7/2020,BARRICADE 41-01,91,0
12/8/2020,BARRICADE 41-01,76,0
12/9/2020,BARRICADE 41-01,85,0
12/10/2020,BARRICADE 41-01,90,0
12/11/2020,BARRICADE 41-01,92,0
12/12/2020,BARRICADE 41-01,79,0
12/13/2020,BARRICADE 41-01,91,0
12/14/2020,BARRICADE 41-01,89,0
12/15/2020,BARRICADE 41-01,89,0
12/16/2020,BARRICADE 41-01,87,0
12/17/2020,BARRICADE 41-01,76,0
12/18/2020,BARRICADE 41-01,87,0
12/19/2020,BARRICADE 41-01,87,0
12/20/2020,BARRICADE 41-01,85,0
12/21/2020,BARRICADE 41-01,78,0
12/22/2020,BARRICADE 41-01,89,0
12/23/2020,BARRICADE 41-01,88,0
12/24/2020,BARRICADE 41-01,86,0
12/25/2020,BARRICADE 41-01,94,0
12/26/2020,BARRICADE 41-01,92,0
12/27/2020,BARRICADE 41-01,88,0
12/28/2020,BARRICADE 41-01,90,0
12/29/2020,BARRICADE 41-01,85,0
12/30/2020,BARRICADE 41-01,82,0
12/31/2020,BARRICADE 41-01,79,0
12/1/2020,BARRICADE 41-6S1LH,868.06,0
12/2/2020,BARRICADE 41-6S1LH,870.62,0
12/3/2020,BARRICADE 41-6S1LH,875.2,0
12/4/2020,BARRICADE 41-6S1LH,876.53,0
12/5/2020,BARRICADE 41-6S1LH,866.35,0
12/6/2020,BARRICADE 41-6S1LH,867.81,0
12/7/2020,BARRICADE 41-6S1LH,873.13,0
12/8/2020,BARRICADE 41-6S1LH,881.76,0
12/9/2020,BARRICADE 41-6S1LH,870.77,0
12/10/2020,BARRICADE 41-6S1LH,881.18,0
12/11/2020,BARRICADE 41-6S1LH,879.88,0
12/12/2020,BARRICADE 41-6S1LH,873.97,0
12/13/2020,BARRICADE 41-6S1LH,872.52,0
12/14/2020,BARRICADE 41-6S1LH,860.49,0
12/15/2020,BARRICADE 41-6S1LH,879.23,0
12/16/2020,BARRICADE 41-6S1LH,836.99,0
12/17/2020,BARRICADE 41-6S1LH,875.62,0
12/18/2020,BARRICADE 41-6S1LH,882.12,0
12/19/2020,BARRICADE 41-6S1LH,859.79,0
12/20/2020,BARRICADE 41-6S1LH,859.41,0
12/21/2020,BARRICADE 41-6S1LH,872.42,0
12/22/2020,BARRICADE 41-6S1LH,873.17,0
12/23/2020,BARRICADE 41-6S1LH,865.29,0
12/24/2020,BARRICADE 41-6S1LH,850.62,0
12/25/2020,BARRICADE 41-6S1LH,863.73,0
12/26/2020,BARRICADE 41-6S1LH,881.79,0
12/27/2020,BARRICADE 41-6S1LH,879.09,0
12/28/2020,BARRICADE 41-6S1LH,877.61,0
12/29/2020,BARRICADE 41-6S1LH,892.32,0
12/30/2020,BARRICADE 41-6S1LH,894.27,0
12/31/2020,BARRICADE 41-6S1LH,868.8,0
12/1/2020,BARRICADE 41-6S1MH,783.63,0
12/2/2020,BARRICADE 41-6S1MH,783.31,0
12/3/2020,BARRICADE 41-6S1MH,782.02,0
12/4/2020,BARRICADE 41-6S1MH,786.23,0
12/5/2020,BARRICADE 41-6S1MH,782.6,0
12/6/2020,BARRICADE 41-6S1MH,789.85,0
12/7/2020,BARRICADE 41-6S1MH,790.36,0
12/8/2020,BARRICADE 41-6S1MH,787.13,0
12/9/2020,BARRICADE 41-6S1MH,777.83,0
12/10/2020,BARRICADE 41-6S1MH,788.66,0
12/11/2020,BARRICADE 41-6S1MH,782.75,0
12/12/2020,BARRICADE 41-6S1MH,778.38,0
12/13/2020,BARRICADE 41-6S1MH,781.98,0
12/14/2020,BARRICADE 41-6S1MH,781.67,0
12/15/2020,BARRICADE 41-6S1MH,780.5,0
12/16/2020,BARRICADE 41-6S1MH,743.26,0
12/17/2020,BARRICADE 41-6S1MH,795.43,0
12/18/2020,BARRICADE 41-6S1MH,812.33,0
12/19/2020,BARRICADE 41-6S1MH,843.5,0
12/20/2020,BARRICADE 41-6S1MH,861.27,0
12/21/2020,BARRICADE 41-6S1MH,865.02,0
12/22/2020,BARRICADE 41-6S1MH,864.93,0
12/23/2020,BARRICADE 41-6S1MH,860.95,0
12/24/2020,BARRICADE 41-6S1MH,858.83,0
12/25/2020,BARRICADE 41-6S1MH,857.74,0
12/26/2020,BARRICADE 41-6S1MH,854.45,0
12/27/2020,BARRICADE 41-6S1MH,848.36,0
12/28/2020,BARRICADE 41-6S1MH,840.67,0
12/29/2020,BARRICADE 41-6S1MH,829.94,0
12/30/2020,BARRICADE 41-6S1MH,826.46,0
12/31/2020,BARRICADE 41-6S1MH,823.01,0
12/1/2020,BARRICADE 41SW-6D,169.99,0
12/2/2020,BARRICADE 41SW-6D,175.96,0
12/3/2020,BARRICADE 41SW-6D,173.18,0
12/4/2020,BARRICADE 41SW-6D,190.79,0
12/5/2020,BARRICADE 41SW-6D,174.6,0
12/6/2020,BARRICADE 41SW-6D,174.91,0
12/7/2020,BARRICADE 41SW-6D,174.98,0
12/8/2020,BARRICADE 41SW-6D,174.4,0
12/9/2020,BARRICADE 41SW-6D,174.04,0
12/10/2020,BARRICADE 41SW-6D,163.24,0
12/11/2020,BARRICADE 41SW-6D,173.75,0
12/12/2020,BARRICADE 41SW-6D,171.96,0
12/13/2020,BARRICADE 41SW-6D,169.82,0
12/14/2020,BARRICADE 41SW-6D,169.37,0
12/15/2020,BARRICADE 41SW-6D,170.72,0
12/16/2020,BARRICADE 41SW-6D,140.8,0
12/17/2020,BARRICADE 41SW-6D,169.22,0
12/18/2020,BARRICADE 41SW-6D,169.92,0
12/19/2020,BARRICADE 41SW-6D,171.61,0
12/20/2020,BARRICADE 41SW-6D,166.87,0
12/21/2020,BARRICADE 41SW-6D,167.25,0
12/22/2020,BARRICADE 41SW-6D,169.9,0
12/23/2020,BARRICADE 41SW-6D,164.46,0
12/24/2020,BARRICADE 41SW-6D,164.58,0
12/25/2020,BARRICADE 41SW-6D,161.71,0
12/26/2020,BARRICADE 41SW-6D,165.89,0
12/27/2020,BARRICADE 41SW-6D,168.29,0
12/28/2020,BARRICADE 41SW-6D,168.11,0
12/29/2020,BARRICADE 41SW-6D,168.82,0
12/30/2020,BARRICADE 41SW-6D,164.72,0
12/31/2020,BARRICADE 41SW-6D,168.38,0
12/1/2020,BARRICADE UNIT 14-01H,555.22,0
12/2/2020,BARRICADE UNIT 14-01H,554.32,0
12/3/2020,BARRICADE UNIT 14-01H,563.23,0
12/4/2020,BARRICADE UNIT 14-01H,573.2,0
12/5/2020,BARRICADE UNIT 14-01H,569.42,0
12/6/2020,BARRICADE UNIT 14-01H,565.05,0
12/7/2020,BARRICADE UNIT 14-01H,572.04,0
12/8/2020,BARRICADE UNIT 14-01H,533.17,0
12/9/2020,BARRICADE UNIT 14-01H,540.73,0
12/10/2020,BARRICADE UNIT 14-01H,569.32,0
12/11/2020,BARRICADE UNIT 14-01H,558.25,0
12/12/2020,BARRICADE UNIT 14-01H,574.28,0
12/13/2020,BARRICADE UNIT 14-01H,569.34,0
12/14/2020,BARRICADE UNIT 14-01H,548.3,0
12/15/2020,BARRICADE UNIT 14-01H,500.09,0
12/16/2020,BARRICADE UNIT 14-01H,531.24,0
12/17/2020,BARRICADE UNIT 14-01H,583.43,0
12/18/2020,BARRICADE UNIT 14-01H,572.49,0
12/19/2020,BARRICADE UNIT 14-01H,568.9,0
12/20/2020,BARRICADE UNIT 14-01H,578.05,0
12/21/2020,BARRICADE UNIT 14-01H,577.08,0
12/22/2020,BARRICADE UNIT 14-01H,575.89,0
12/23/2020,BARRICADE UNIT 14-01H,578.11,0
12/24/2020,BARRICADE UNIT 14-01H,575.1,0
12/25/2020,BARRICADE UNIT 14-01H,571.47,0
12/26/2020,BARRICADE UNIT 14-01H,410.62,0
12/27/2020,BARRICADE UNIT 14-01H,613.22,0
12/28/2020,BARRICADE UNIT 14-01H,609.74,0
12/29/2020,BARRICADE UNIT 14-01H,585.47,0
12/30/2020,BARRICADE UNIT 14-01H,574.06,0
12/31/2020,BARRICADE UNIT 14-01H,511.42,0
12/1/2020,BARRICADE UNIT 24-36,153.97,0
12/2/2020,BARRICADE UNIT 24-36,145.7,0
12/3/2020,BARRICADE UNIT 24-36,145.3,0
12/4/2020,BARRICADE UNIT 24-36,149.73,0
12/5/2020,BARRICADE UNIT 24-36,142.78,0
12/6/2020,BARRICADE UNIT 24-36,146.94,0
12/7/2020,BARRICADE UNIT 24-36,136.15,0
12/8/2020,BARRICADE UNIT 24-36,141.85,0
12/9/2020,BARRICADE UNIT 24-36,148.09,0
12/10/2020,BARRICADE UNIT 24-36,147.36,0
12/11/2020,BARRICADE UNIT 24-36,150.5,0
12/12/2020,BARRICADE UNIT 24-36,117.6,0
12/13/2020,BARRICADE UNIT 24-36,118.07,0
12/14/2020,BARRICADE UNIT 24-36,61.08,0
12/15/2020,BARRICADE UNIT 24-36,105.49,0
12/16/2020,BARRICADE UNIT 24-36,176.35,0
12/17/2020,BARRICADE UNIT 24-36,125.14,0
12/18/2020,BARRICADE UNIT 24-36,107.89,0
12/19/2020,BARRICADE UNIT 24-36,158.02,0
12/20/2020,BARRICADE UNIT 24-36,170.34,0
12/21/2020,BARRICADE UNIT 24-36,146.36,0
12/22/2020,BARRICADE UNIT 24-36,150.89,0
12/23/2020,BARRICADE UNIT 24-36,148.67,0
12/24/2020,BARRICADE UNIT 24-36,148.48,0
12/25/2020,BARRICADE UNIT 24-36,149.88,0
12/26/2020,BARRICADE UNIT 24-36,137.59,0
12/27/2020,BARRICADE UNIT 24-36,148.01,0
12/28/2020,BARRICADE UNIT 24-36,150.62,0
12/29/2020,BARRICADE UNIT 24-36,127.23,0
12/30/2020,BARRICADE UNIT 24-36,148.41,0
12/31/2020,BARRICADE UNIT 24-36,150.96,0
12/1/2020,BARRICADE UNIT 33-12,128,128
12/2/2020,BARRICADE UNIT 33-12,127,127
12/3/2020,BARRICADE UNIT 33-12,131,131
12/4/2020,BARRICADE UNIT 33-12,131,131
12/5/2020,BARRICADE UNIT 33-12,130,130
12/6/2020,BARRICADE UNIT 33-12,130,130
12/7/2020,BARRICADE UNIT 33-12,130,130
12/8/2020,BARRICADE UNIT 33-12,133,133
12/9/2020,BARRICADE UNIT 33-12,131,131
12/10/2020,BARRICADE UNIT 33-12,131,131
12/11/2020,BARRICADE UNIT 33-12,128,128
12/12/2020,BARRICADE UNIT 33-12,125,125
12/13/2020,BARRICADE UNIT 33-12,125,125
12/14/2020,BARRICADE UNIT 33-12,130,130
12/15/2020,BARRICADE UNIT 33-12,129,129
12/16/2020,BARRICADE UNIT 33-12,129,129
12/17/2020,BARRICADE UNIT 33-12,128,128
12/18/2020,BARRICADE UNIT 33-12,128,128
12/19/2020,BARRICADE UNIT 33-12,127,127
12/20/2020,BARRICADE UNIT 33-12,125,125
12/21/2020,BARRICADE UNIT 33-12,124,124
12/22/2020,BARRICADE UNIT 33-12,123,123
12/23/2020,BARRICADE UNIT 33-12,129,129
12/24/2020,BARRICADE UNIT 33-12,126,126
12/25/2020,BARRICADE UNIT 33-12,125,125
12/26/2020,BARRICADE UNIT 33-12,122,122
12/27/2020,BARRICADE UNIT 33-12,116,116
12/28/2020,BARRICADE UNIT 33-12,122,122
12/29/2020,BARRICADE UNIT 33-12,124,124
12/30/2020,BARRICADE UNIT 33-12,124,124
12/31/2020,BARRICADE UNIT 33-12,125,125
12/1/2020,CEPO FEDERAL 20-17,1089.89,0
12/2/2020,CEPO FEDERAL 20-17,1088.57,0
12/3/2020,CEPO FEDERAL 20-17,1092.2,0
12/4/2020,CEPO FEDERAL 20-17,1096.61,0
12/5/2020,CEPO FEDERAL 20-17,1096.78,0
12/6/2020,CEPO FEDERAL 20-17,1094.99,0
12/7/2020,CEPO FEDERAL 20-17,1089.03,0
12/8/2020,CEPO FEDERAL 20-17,1090.72,0
12/9/2020,CEPO FEDERAL 20-17,1089.9,0
12/10/2020,CEPO FEDERAL 20-17,1088.96,0
12/11/2020,CEPO FEDERAL 20-17,1083.11,0
12/12/2020,CEPO FEDERAL 20-17,1108.49,0
12/13/2020,CEPO FEDERAL 20-17,1086.64,0
12/14/2020,CEPO FEDERAL 20-17,1098.77,0
12/15/2020,CEPO FEDERAL 20-17,1087.67,0
12/16/2020,CEPO FEDERAL 20-17,128.7,0
12/17/2020,CEPO FEDERAL 20-17,20.48,0
12/18/2020,CEPO FEDERAL 20-17,20.48,0
12/19/2020,CEPO FEDERAL 20-17,852.5,0
12/20/2020,CEPO FEDERAL 20-17,1153.98,0
12/21/2020,CEPO FEDERAL 20-17,1136.54,0
12/22/2020,CEPO FEDERAL 20-17,1125.16,0
12/23/2020,CEPO FEDERAL 20-17,1117.66,0
12/24/2020,CEPO FEDERAL 20-17,1110.92,0
12/25/2020,CEPO FEDERAL 20-17,1112.4,0
12/26/2020,CEPO FEDERAL 20-17,1107.37,0
12/27/2020,CEPO FEDERAL 20-17,1103.79,0
12/28/2020,CEPO FEDERAL 20-17,1101.68,0
12/29/2020,CEPO FEDERAL 20-17,1098.2,0
12/30/2020,CEPO FEDERAL 20-17,1097.58,0
12/31/2020,CEPO FEDERAL 20-17,1101.17,0
12/1/2020,CEPO FEDERAL 23-7,156.94,0
12/2/2020,CEPO FEDERAL 23-7,152.22,0
12/3/2020,CEPO FEDERAL 23-7,158.26,0
12/4/2020,CEPO FEDERAL 23-7,147.62,0
12/5/2020,CEPO FEDERAL 23-7,157.03,0
12/6/2020,CEPO FEDERAL 23-7,149.63,0
12/7/2020,CEPO FEDERAL 23-7,146.57,0
12/8/2020,CEPO FEDERAL 23-7,149.85,0
12/9/2020,CEPO FEDERAL 23-7,148.78,0
12/10/2020,CEPO FEDERAL 23-7,146.68,0
12/11/2020,CEPO FEDERAL 23-7,146.35,0
12/12/2020,CEPO FEDERAL 23-7,148.14,0
12/13/2020,CEPO FEDERAL 23-7,150.72,0
12/14/2020,CEPO FEDERAL 23-7,150.93,0
12/15/2020,CEPO FEDERAL 23-7,150.09,0
12/16/2020,CEPO FEDERAL 23-7,147.49,0
12/17/2020,CEPO FEDERAL 23-7,147.58,0
12/18/2020,CEPO FEDERAL 23-7,151,0
12/19/2020,CEPO FEDERAL 23-7,153.6,0
12/20/2020,CEPO FEDERAL 23-7,153.8,0
12/21/2020,CEPO FEDERAL 23-7,154,0
12/22/2020,CEPO FEDERAL 23-7,149.62,0
12/23/2020,CEPO FEDERAL 23-7,150.48,0
12/24/2020,CEPO FEDERAL 23-7,148.05,0
12/25/2020,CEPO FEDERAL 23-7,148.22,0
12/26/2020,CEPO FEDERAL 23-7,153.13,0
12/27/2020,CEPO FEDERAL 23-7,154.03,0
12/28/2020,CEPO FEDERAL 23-7,149.32,0
12/29/2020,CEPO FEDERAL 23-7,152.94,0
12/30/2020,CEPO FEDERAL 23-7,154.55,0
12/31/2020,CEPO FEDERAL 23-7,152.9,0
12/1/2020,CEPO FEDERAL 3-19ST,0,0
12/2/2020,CEPO FEDERAL 3-19ST,0,0
12/3/2020,CEPO FEDERAL 3-19ST,0,0
12/4/2020,CEPO FEDERAL 3-19ST,0,0
12/5/2020,CEPO FEDERAL 3-19ST,0,0
12/6/2020,CEPO FEDERAL 3-19ST,0,0
12/7/2020,CEPO FEDERAL 3-19ST,0,0
12/8/2020,CEPO FEDERAL 3-19ST,0,0
12/9/2020,CEPO FEDERAL 3-19ST,0,0
12/10/2020,CEPO FEDERAL 3-19ST,0,0
12/11/2020,CEPO FEDERAL 3-19ST,0,0
12/12/2020,CEPO FEDERAL 3-19ST,0,0
12/13/2020,CEPO FEDERAL 3-19ST,0,0
12/14/2020,CEPO FEDERAL 3-19ST,0,0
12/15/2020,CEPO FEDERAL 3-19ST,0,0
12/16/2020,CEPO FEDERAL 3-19ST,0,0
12/17/2020,CEPO FEDERAL 3-19ST,0,0
12/18/2020,CEPO FEDERAL 3-19ST,0,0
12/19/2020,CEPO FEDERAL 3-19ST,0,0
12/20/2020,CEPO FEDERAL 3-19ST,0,0
12/21/2020,CEPO FEDERAL 3-19ST,0,0
12/22/2020,CEPO FEDERAL 3-19ST,0,0
12/23/2020,CEPO FEDERAL 3-19ST,0,0
12/24/2020,CEPO FEDERAL 3-19ST,0,0
12/25/2020,CEPO FEDERAL 3-19ST,0,0
12/26/2020,CEPO FEDERAL 3-19ST,0,0
12/27/2020,CEPO FEDERAL 3-19ST,0,0
12/28/2020,CEPO FEDERAL 3-19ST,0,0
12/29/2020,CEPO FEDERAL 3-19ST,0,0
12/30/2020,CEPO FEDERAL 3-19ST,0,0
12/31/2020,CEPO FEDERAL 3-19ST,0,0
12/1/2020,ENDURANCE 11-21-1V,0,0
12/2/2020,ENDURANCE 11-21-1V,0,0
12/3/2020,ENDURANCE 11-21-1V,0,0
12/4/2020,ENDURANCE 11-21-1V,65,0
12/5/2020,ENDURANCE 11-21-1V,0,0
12/6/2020,ENDURANCE 11-21-1V,257,0
12/7/2020,ENDURANCE 11-21-1V,0,0
12/8/2020,ENDURANCE 11-21-1V,0,0
12/9/2020,ENDURANCE 11-21-1V,25,0
12/10/2020,ENDURANCE 11-21-1V,24,0
12/11/2020,ENDURANCE 11-21-1V,32,0
12/12/2020,ENDURANCE 11-21-1V,9.6,0
12/13/2020,ENDURANCE 11-21-1V,0,0
12/14/2020,ENDURANCE 11-21-1V,33,0
12/15/2020,ENDURANCE 11-21-1V,24,0
12/16/2020,ENDURANCE 11-21-1V,16,0
12/17/2020,ENDURANCE 11-21-1V,0,0
12/18/2020,ENDURANCE 11-21-1V,0,0
12/19/2020,ENDURANCE 11-21-1V,0,0
12/20/2020,ENDURANCE 11-21-1V,128,0
12/21/2020,ENDURANCE 11-21-1V,180,0
12/22/2020,ENDURANCE 11-21-1V,69,0
12/23/2020,ENDURANCE 11-21-1V,52,0
12/24/2020,ENDURANCE 11-21-1V,64,0
12/25/2020,ENDURANCE 11-21-1V,62,0
12/26/2020,ENDURANCE 11-21-1V,53,0
12/27/2020,ENDURANCE 11-21-1V,178,0
12/28/2020,ENDURANCE 11-21-1V,83,0
12/29/2020,ENDURANCE 11-21-1V,32,0
12/30/2020,ENDURANCE 11-21-1V,167,0
12/31/2020,ENDURANCE 11-21-1V,308,0
12/1/2020,ENDURANCE 1595 S29-18V,275.33,254.21
12/2/2020,ENDURANCE 1595 S29-18V,302.74,0
12/3/2020,ENDURANCE 1595 S29-18V,297.73,0
12/4/2020,ENDURANCE 1595 S29-18V,298.66,0
12/5/2020,ENDURANCE 1595 S29-18V,299.45,0
12/6/2020,ENDURANCE 1595 S29-18V,304.44,0
12/7/2020,ENDURANCE 1595 S29-18V,309.45,0
12/8/2020,ENDURANCE 1595 S29-18V,300.22,0
12/9/2020,ENDURANCE 1595 S29-18V,269.71,0
12/10/2020,ENDURANCE 1595 S29-18V,288.9,0
12/11/2020,ENDURANCE 1595 S29-18V,288.07,0
12/12/2020,ENDURANCE 1595 S29-18V,519.72,0
12/13/2020,ENDURANCE 1595 S29-18V,436.74,0
12/14/2020,ENDURANCE 1595 S29-18V,395.06,0
12/15/2020,ENDURANCE 1595 S29-18V,223.39,0
12/16/2020,ENDURANCE 1595 S29-18V,445.91,0
12/17/2020,ENDURANCE 1595 S29-18V,414.66,0
12/18/2020,ENDURANCE 1595 S29-18V,345.07,317.63
12/19/2020,ENDURANCE 1595 S29-18V,337.9,311.98
12/20/2020,ENDURANCE 1595 S29-18V,343.59,317.17
12/21/2020,ENDURANCE 1595 S29-18V,341.67,315.33
12/22/2020,ENDURANCE 1595 S29-18V,344.06,317.85
12/23/2020,ENDURANCE 1595 S29-18V,332.78,306.27
12/24/2020,ENDURANCE 1595 S29-18V,309.48,283.07
12/25/2020,ENDURANCE 1595 S29-18V,316.6,292.07
12/26/2020,ENDURANCE 1595 S29-18V,337.29,310.44
12/27/2020,ENDURANCE 1595 S29-18V,324.27,298.73
12/28/2020,ENDURANCE 1595 S29-18V,277.21,251.57
12/29/2020,ENDURANCE 1595 S29-18V,297.77,265.62
12/30/2020,ENDURANCE 1595 S29-18V,382.86,343.69
12/31/2020,ENDURANCE 1595 S29-18V,456.01,424.37
12/1/2020,ENDURANCE 1595 S29-29V,130,120.04
12/2/2020,ENDURANCE 1595 S29-29V,144.08,0
12/3/2020,ENDURANCE 1595 S29-29V,152.87,0
12/4/2020,ENDURANCE 1595 S29-29V,144.46,0
12/5/2020,ENDURANCE 1595 S29-29V,149.59,0
12/6/2020,ENDURANCE 1595 S29-29V,148.67,0
12/7/2020,ENDURANCE 1595 S29-29V,152.9,0
12/8/2020,ENDURANCE 1595 S29-29V,145.44,0
12/9/2020,ENDURANCE 1595 S29-29V,145.76,0
12/10/2020,ENDURANCE 1595 S29-29V,137.6,0
12/11/2020,ENDURANCE 1595 S29-29V,142.68,0
12/12/2020,ENDURANCE 1595 S29-29V,155.21,0
12/13/2020,ENDURANCE 1595 S29-29V,139.64,0
12/14/2020,ENDURANCE 1595 S29-29V,137.39,0
12/15/2020,ENDURANCE 1595 S29-29V,125.88,0
12/16/2020,ENDURANCE 1595 S29-29V,139.32,0
12/17/2020,ENDURANCE 1595 S29-29V,140.23,0
12/18/2020,ENDURANCE 1595 S29-29V,125.59,115.61
12/19/2020,ENDURANCE 1595 S29-29V,125.66,116.02
12/20/2020,ENDURANCE 1595 S29-29V,136.48,125.98
12/21/2020,ENDURANCE 1595 S29-29V,123.65,114.12
12/22/2020,ENDURANCE 1595 S29-29V,125.85,116.27
12/23/2020,ENDURANCE 1595 S29-29V,124.37,114.46
12/24/2020,ENDURANCE 1595 S29-29V,117.86,107.8
12/25/2020,ENDURANCE 1595 S29-29V,125.21,115.51
12/26/2020,ENDURANCE 1595 S29-29V,125.87,115.85
12/27/2020,ENDURANCE 1595 S29-29V,122.23,112.61
12/28/2020,ENDURANCE 1595 S29-29V,107.02,97.12
12/29/2020,ENDURANCE 1595 S29-29V,114.8,102.4
12/30/2020,ENDURANCE 1595 S29-29V,147.34,132.27
12/31/2020,ENDURANCE 1595 S29-29V,177.34,165.04
12/1/2020,ENDURANCE 1595 S32-13V,88.58,81.79
12/2/2020,ENDURANCE 1595 S32-13V,102.77,0
12/3/2020,ENDURANCE 1595 S32-13V,60.74,0
12/4/2020,ENDURANCE 1595 S32-13V,60.93,0
12/5/2020,ENDURANCE 1595 S32-13V,16.49,0
12/6/2020,ENDURANCE 1595 S32-13V,193.04,0
12/7/2020,ENDURANCE 1595 S32-13V,221.6,0
12/8/2020,ENDURANCE 1595 S32-13V,211.47,0
12/9/2020,ENDURANCE 1595 S32-13V,203.18,0
12/10/2020,ENDURANCE 1595 S32-13V,190,0
12/11/2020,ENDURANCE 1595 S32-13V,189.46,0
12/12/2020,ENDURANCE 1595 S32-13V,151.33,0
12/13/2020,ENDURANCE 1595 S32-13V,189.16,0
12/14/2020,ENDURANCE 1595 S32-13V,189.4,0
12/15/2020,ENDURANCE 1595 S32-13V,202.52,0
12/16/2020,ENDURANCE 1595 S32-13V,216.48,0
12/17/2020,ENDURANCE 1595 S32-13V,217.74,0
12/18/2020,ENDURANCE 1595 S32-13V,183.99,169.36
12/19/2020,ENDURANCE 1595 S32-13V,177.07,163.49
12/20/2020,ENDURANCE 1595 S32-13V,176.25,162.7
12/21/2020,ENDURANCE 1595 S32-13V,181.44,167.46
12/22/2020,ENDURANCE 1595 S32-13V,178.04,164.48
12/23/2020,ENDURANCE 1595 S32-13V,141.13,129.89
12/24/2020,ENDURANCE 1595 S32-13V,135.58,124.01
12/25/2020,ENDURANCE 1595 S32-13V,159.97,147.57
12/26/2020,ENDURANCE 1595 S32-13V,158.89,146.24
12/27/2020,ENDURANCE 1595 S32-13V,179.81,165.65
12/28/2020,ENDURANCE 1595 S32-13V,162.5,147.47
12/29/2020,ENDURANCE 1595 S32-13V,174.31,155.49
12/30/2020,ENDURANCE 1595 S32-13V,196.18,176.11
12/31/2020,ENDURANCE 1595 S32-13V,261.24,243.11
12/1/2020,ENDURANCE 1595 S32-19V,212.03,195.77
12/2/2020,ENDURANCE 1595 S32-19V,223.24,0
12/3/2020,ENDURANCE 1595 S32-19V,238.21,0
12/4/2020,ENDURANCE 1595 S32-19V,238.95,0
12/5/2020,ENDURANCE 1595 S32-19V,226.23,0
12/6/2020,ENDURANCE 1595 S32-19V,224.85,0
12/7/2020,ENDURANCE 1595 S32-19V,127.2,0
12/8/2020,ENDURANCE 1595 S32-19V,243.17,0
12/9/2020,ENDURANCE 1595 S32-19V,243.71,0
12/10/2020,ENDURANCE 1595 S32-19V,166.14,0
12/11/2020,ENDURANCE 1595 S32-19V,223.64,0
12/12/2020,ENDURANCE 1595 S32-19V,232.28,0
12/13/2020,ENDURANCE 1595 S32-19V,211.48,0
12/14/2020,ENDURANCE 1595 S32-19V,228.82,0
12/15/2020,ENDURANCE 1595 S32-19V,186.99,0
12/16/2020,ENDURANCE 1595 S32-19V,205.76,0
12/17/2020,ENDURANCE 1595 S32-19V,206,0
12/18/2020,ENDURANCE 1595 S32-19V,180.22,165.89
12/19/2020,ENDURANCE 1595 S32-19V,181.1,167.21
12/20/2020,ENDURANCE 1595 S32-19V,176.23,162.68
12/21/2020,ENDURANCE 1595 S32-19V,199.44,184.07
12/22/2020,ENDURANCE 1595 S32-19V,186.54,172.33
12/23/2020,ENDURANCE 1595 S32-19V,184.45,169.75
12/24/2020,ENDURANCE 1595 S32-19V,166.43,152.23
12/25/2020,ENDURANCE 1595 S32-19V,194.68,179.6
12/26/2020,ENDURANCE 1595 S32-19V,176.33,162.29
12/27/2020,ENDURANCE 1595 S32-19V,171.88,158.34
12/28/2020,ENDURANCE 1595 S32-19V,148.35,134.63
12/29/2020,ENDURANCE 1595 S32-19V,166.02,148.1
12/30/2020,ENDURANCE 1595 S32-19V,211.45,189.82
12/31/2020,ENDURANCE 1595 S32-19V,254.51,236.85
12/1/2020,ENDURANCE 1595 S32-21V,160.04,147.77
12/2/2020,ENDURANCE 1595 S32-21V,177.73,0
12/3/2020,ENDURANCE 1595 S32-21V,177.26,0
12/4/2020,ENDURANCE 1595 S32-21V,147.89,0
12/5/2020,ENDURANCE 1595 S32-21V,202.75,0
12/6/2020,ENDURANCE 1595 S32-21V,180.09,0
12/7/2020,ENDURANCE 1595 S32-21V,175.66,0
12/8/2020,ENDURANCE 1595 S32-21V,175.05,0
12/9/2020,ENDURANCE 1595 S32-21V,163.47,0
12/10/2020,ENDURANCE 1595 S32-21V,163.93,0
12/11/2020,ENDURANCE 1595 S32-21V,164.61,0
12/12/2020,ENDURANCE 1595 S32-21V,149.83,0
12/13/2020,ENDURANCE 1595 S32-21V,157.8,0
12/14/2020,ENDURANCE 1595 S32-21V,170.62,0
12/15/2020,ENDURANCE 1595 S32-21V,154.93,0
12/16/2020,ENDURANCE 1595 S32-21V,167.18,0
12/17/2020,ENDURANCE 1595 S32-21V,167.5,0
12/18/2020,ENDURANCE 1595 S32-21V,141.47,130.23
12/19/2020,ENDURANCE 1595 S32-21V,150.98,139.39
12/20/2020,ENDURANCE 1595 S32-21V,143.73,132.68
12/21/2020,ENDURANCE 1595 S32-21V,144.58,133.44
12/22/2020,ENDURANCE 1595 S32-21V,144.79,133.76
12/23/2020,ENDURANCE 1595 S32-21V,130.04,119.68
12/24/2020,ENDURANCE 1595 S32-21V,124.92,114.26
12/25/2020,ENDURANCE 1595 S32-21V,123.93,114.33
12/26/2020,ENDURANCE 1595 S32-21V,188.08,173.11
12/27/2020,ENDURANCE 1595 S32-21V,182.66,168.27
12/28/2020,ENDURANCE 1595 S32-21V,134.43,121.99
12/29/2020,ENDURANCE 1595 S32-21V,136.83,122.06
12/30/2020,ENDURANCE 1595 S32-21V,174.01,156.21
12/31/2020,ENDURANCE 1595 S32-21V,202.21,188.18
12/1/2020,ENDURANCE 1595 S32-25V,210.15,194.03
12/2/2020,ENDURANCE 1595 S32-25V,225,0
12/3/2020,ENDURANCE 1595 S32-25V,230.88,0
12/4/2020,ENDURANCE 1595 S32-25V,229.64,0
12/5/2020,ENDURANCE 1595 S32-25V,226.01,0
12/6/2020,ENDURANCE 1595 S32-25V,225.04,0
12/7/2020,ENDURANCE 1595 S32-25V,232.51,0
12/8/2020,ENDURANCE 1595 S32-25V,226.1,0
12/9/2020,ENDURANCE 1595 S32-25V,226.6,0
12/10/2020,ENDURANCE 1595 S32-25V,238.01,0
12/11/2020,ENDURANCE 1595 S32-25V,237.45,0
12/12/2020,ENDURANCE 1595 S32-25V,222.5,0
12/13/2020,ENDURANCE 1595 S32-25V,238.98,0
12/14/2020,ENDURANCE 1595 S32-25V,235.22,0
12/15/2020,ENDURANCE 1595 S32-25V,227.83,0
12/16/2020,ENDURANCE 1595 S32-25V,236.84,0
12/17/2020,ENDURANCE 1595 S32-25V,237.15,0
12/18/2020,ENDURANCE 1595 S32-25V,201.75,185.7
12/19/2020,ENDURANCE 1595 S32-25V,243.28,224.62
12/20/2020,ENDURANCE 1595 S32-25V,226.05,208.67
12/21/2020,ENDURANCE 1595 S32-25V,219.84,202.89
12/22/2020,ENDURANCE 1595 S32-25V,218.4,201.76
12/23/2020,ENDURANCE 1595 S32-25V,203.3,187.11
12/24/2020,ENDURANCE 1595 S32-25V,205.63,188.08
12/25/2020,ENDURANCE 1595 S32-25V,220.12,203.07
12/26/2020,ENDURANCE 1595 S32-25V,218.64,201.24
12/27/2020,ENDURANCE 1595 S32-25V,207.76,191.4
12/28/2020,ENDURANCE 1595 S32-25V,175.32,159.1
12/29/2020,ENDURANCE 1595 S32-25V,192.94,172.11
12/30/2020,ENDURANCE 1595 S32-25V,0,0
12/31/2020,ENDURANCE 1595 S32-25V,292.24,271.96
12/1/2020,ENDURANCE 1595 S32-26V,531.62,490.85
12/2/2020,ENDURANCE 1595 S32-26V,580.81,0
12/3/2020,ENDURANCE 1595 S32-26V,575.05,0
12/4/2020,ENDURANCE 1595 S32-26V,576.84,0
12/5/2020,ENDURANCE 1595 S32-26V,563.22,0
12/6/2020,ENDURANCE 1595 S32-26V,559.77,0
12/7/2020,ENDURANCE 1595 S32-26V,560.3,0
12/8/2020,ENDURANCE 1595 S32-26V,553.3,0
12/9/2020,ENDURANCE 1595 S32-26V,554.52,0
12/10/2020,ENDURANCE 1595 S32-26V,554.27,0
12/11/2020,ENDURANCE 1595 S32-26V,554.8,0
12/12/2020,ENDURANCE 1595 S32-26V,518.82,0
12/13/2020,ENDURANCE 1595 S32-26V,561.42,0
12/14/2020,ENDURANCE 1595 S32-26V,568.59,0
12/15/2020,ENDURANCE 1595 S32-26V,521.06,0
12/16/2020,ENDURANCE 1595 S32-26V,546.55,0
12/17/2020,ENDURANCE 1595 S32-26V,547.78,0
12/18/2020,ENDURANCE 1595 S32-26V,470.82,433.38
12/19/2020,ENDURANCE 1595 S32-26V,491.44,453.74
12/20/2020,ENDURANCE 1595 S32-26V,490.35,452.64
12/21/2020,ENDURANCE 1595 S32-26V,491.61,453.72
12/22/2020,ENDURANCE 1595 S32-26V,493.35,455.77
12/23/2020,ENDURANCE 1595 S32-26V,478.07,439.98
12/24/2020,ENDURANCE 1595 S32-26V,447.02,408.88
12/25/2020,ENDURANCE 1595 S32-26V,482.37,444.99
12/26/2020,ENDURANCE 1595 S32-26V,466.68,429.54
12/27/2020,ENDURANCE 1595 S32-26V,466.72,429.97
12/28/2020,ENDURANCE 1595 S32-26V,406.4,368.81
12/29/2020,ENDURANCE 1595 S32-26V,169.14,150.88
12/30/2020,ENDURANCE 1595 S32-26V,193.83,174
12/31/2020,ENDURANCE 1595 S32-26V,233.29,217.11
12/1/2020,ENDURANCE 21-32,21.16,19.54
12/2/2020,ENDURANCE 21-32,20.17,0
12/3/2020,ENDURANCE 21-32,19.99,0
12/4/2020,ENDURANCE 21-32,20.67,0
12/5/2020,ENDURANCE 21-32,21.2,0
12/6/2020,ENDURANCE 21-32,10.87,0
12/7/2020,ENDURANCE 21-32,25.83,0
12/8/2020,ENDURANCE 21-32,29.31,0
12/9/2020,ENDURANCE 21-32,20.19,0
12/10/2020,ENDURANCE 21-32,17.67,0
12/11/2020,ENDURANCE 21-32,10.5,0
12/12/2020,ENDURANCE 21-32,18.63,0
12/13/2020,ENDURANCE 21-32,21.93,0
12/14/2020,ENDURANCE 21-32,16.37,0
12/15/2020,ENDURANCE 21-32,14.87,0
12/16/2020,ENDURANCE 21-32,14.97,0
12/17/2020,ENDURANCE 21-32,16.61,0
12/18/2020,ENDURANCE 21-32,13.26,12.21
12/19/2020,ENDURANCE 21-32,8.18,7.55
12/20/2020,ENDURANCE 21-32,15.69,14.48
12/21/2020,ENDURANCE 21-32,20.54,18.96
12/22/2020,ENDURANCE 21-32,17.09,15.79
12/23/2020,ENDURANCE 21-32,15.06,13.86
12/24/2020,ENDURANCE 21-32,12.76,11.68
12/25/2020,ENDURANCE 21-32,12.86,11.86
12/26/2020,ENDURANCE 21-32,11.17,10.28
12/27/2020,ENDURANCE 21-32,9.81,9.03
12/28/2020,ENDURANCE 21-32,8.04,7.29
12/29/2020,ENDURANCE 21-32,8.22,7.34
12/30/2020,ENDURANCE 21-32,9.92,8.91
12/31/2020,ENDURANCE 21-32,11.17,10.39
12/1/2020,ENDURANCE 41-29S1LH,155.6,0
12/2/2020,ENDURANCE 41-29S1LH,150.36,0
12/3/2020,ENDURANCE 41-29S1LH,167.13,0
12/4/2020,ENDURANCE 41-29S1LH,153.56,0
12/5/2020,ENDURANCE 41-29S1LH,118.32,0
12/6/2020,ENDURANCE 41-29S1LH,177.38,0
12/7/2020,ENDURANCE 41-29S1LH,109.4,0
12/8/2020,ENDURANCE 41-29S1LH,134.41,0
12/9/2020,ENDURANCE 41-29S1LH,128.58,0
12/10/2020,ENDURANCE 41-29S1LH,144.55,0
12/11/2020,ENDURANCE 41-29S1LH,144.23,0
12/12/2020,ENDURANCE 41-29S1LH,160.31,0
12/13/2020,ENDURANCE 41-29S1LH,186.32,0
12/14/2020,ENDURANCE 41-29S1LH,107.53,0
12/15/2020,ENDURANCE 41-29S1LH,95.63,0
12/16/2020,ENDURANCE 41-29S1LH,191.85,0
12/17/2020,ENDURANCE 41-29S1LH,150.13,0
12/18/2020,ENDURANCE 41-29S1LH,137.42,0
12/19/2020,ENDURANCE 41-29S1LH,90.06,0
12/20/2020,ENDURANCE 41-29S1LH,93.09,0
12/21/2020,ENDURANCE 41-29S1LH,135.48,0
12/22/2020,ENDURANCE 41-29S1LH,143.38,0
12/23/2020,ENDURANCE 41-29S1LH,169.92,0
12/24/2020,ENDURANCE 41-29S1LH,195.36,0
12/25/2020,ENDURANCE 41-29S1LH,153.77,0
12/26/2020,ENDURANCE 41-29S1LH,202.28,0
12/27/2020,ENDURANCE 41-29S1LH,199.53,0
12/28/2020,ENDURANCE 41-29S1LH,212.23,0
12/29/2020,ENDURANCE 41-29S1LH,185.91,0
12/30/2020,ENDURANCE 41-29S1LH,164.83,0
12/31/2020,ENDURANCE 41-29S1LH,158.08,0
12/1/2020,ENDURANCE 41-29S1MH,146.17,0
12/2/2020,ENDURANCE 41-29S1MH,151.31,0
12/3/2020,ENDURANCE 41-29S1MH,176.24,0
12/4/2020,ENDURANCE 41-29S1MH,131.57,0
12/5/2020,ENDURANCE 41-29S1MH,136.31,0
12/6/2020,ENDURANCE 41-29S1MH,164.18,0
12/7/2020,ENDURANCE 41-29S1MH,135.46,0
12/8/2020,ENDURANCE 41-29S1MH,163.88,0
12/9/2020,ENDURANCE 41-29S1MH,186.32,0
12/10/2020,ENDURANCE 41-29S1MH,171.35,0
12/11/2020,ENDURANCE 41-29S1MH,134.64,0
12/12/2020,ENDURANCE 41-29S1MH,174.38,0
12/13/2020,ENDURANCE 41-29S1MH,160.69,0
12/14/2020,ENDURANCE 41-29S1MH,134.5,0
12/15/2020,ENDURANCE 41-29S1MH,140.49,0
12/16/2020,ENDURANCE 41-29S1MH,171.26,0
12/17/2020,ENDURANCE 41-29S1MH,148.06,0
12/18/2020,ENDURANCE 41-29S1MH,151.02,0
12/19/2020,ENDURANCE 41-29S1MH,179.49,0
12/20/2020,ENDURANCE 41-29S1MH,128.97,0
12/21/2020,ENDURANCE 41-29S1MH,187.56,0
12/22/2020,ENDURANCE 41-29S1MH,152.51,0
12/23/2020,ENDURANCE 41-29S1MH,161.71,0
12/24/2020,ENDURANCE 41-29S1MH,166.03,0
12/25/2020,ENDURANCE 41-29S1MH,144.91,0
12/26/2020,ENDURANCE 41-29S1MH,160.71,0
12/27/2020,ENDURANCE 41-29S1MH,121.36,0
12/28/2020,ENDURANCE 41-29S1MH,165.38,0
12/29/2020,ENDURANCE 41-29S1MH,106.99,0
12/30/2020,ENDURANCE 41-29S1MH,0.44,0
12/31/2020,ENDURANCE 41-29S1MH,186.96,0
12/1/2020,ENDURANCE 41-29S1UH,808.37,0
12/2/2020,ENDURANCE 41-29S1UH,809.63,0
12/3/2020,ENDURANCE 41-29S1UH,801.08,0
12/4/2020,ENDURANCE 41-29S1UH,815.5,0
12/5/2020,ENDURANCE 41-29S1UH,821.64,0
12/6/2020,ENDURANCE 41-29S1UH,781.31,0
12/7/2020,ENDURANCE 41-29S1UH,780.72,0
12/8/2020,ENDURANCE 41-29S1UH,815.65,0
12/9/2020,ENDURANCE 41-29S1UH,807.57,0
12/10/2020,ENDURANCE 41-29S1UH,808.28,0
12/11/2020,ENDURANCE 41-29S1UH,805.06,0
12/12/2020,ENDURANCE 41-29S1UH,804.02,0
12/13/2020,ENDURANCE 41-29S1UH,799.02,0
12/14/2020,ENDURANCE 41-29S1UH,813.98,0
12/15/2020,ENDURANCE 41-29S1UH,811.01,0
12/16/2020,ENDURANCE 41-29S1UH,799.34,0
12/17/2020,ENDURANCE 41-29S1UH,770.66,0
12/18/2020,ENDURANCE 41-29S1UH,765.77,0
12/19/2020,ENDURANCE 41-29S1UH,807.67,0
12/20/2020,ENDURANCE 41-29S1UH,731.14,0
12/21/2020,ENDURANCE 41-29S1UH,596.29,0
12/22/2020,ENDURANCE 41-29S1UH,597.97,0
12/23/2020,ENDURANCE 41-29S1UH,598.62,0
12/24/2020,ENDURANCE 41-29S1UH,593.06,0
12/25/2020,ENDURANCE 41-29S1UH,596.08,0
12/26/2020,ENDURANCE 41-29S1UH,573.74,0
12/27/2020,ENDURANCE 41-29S1UH,603.19,0
12/28/2020,ENDURANCE 41-29S1UH,593.76,0
12/29/2020,ENDURANCE 41-29S1UH,601.33,0
12/30/2020,ENDURANCE 41-29S1UH,600.08,0
12/31/2020,ENDURANCE 41-29S1UH,597.75,0
12/1/2020,ENDURANCE 42-30-1V,79,0
12/2/2020,ENDURANCE 42-30-1V,75,0
12/3/2020,ENDURANCE 42-30-1V,192,0
12/4/2020,ENDURANCE 42-30-1V,394,0
12/5/2020,ENDURANCE 42-30-1V,472,0
12/6/2020,ENDURANCE 42-30-1V,77,0
12/7/2020,ENDURANCE 42-30-1V,49,0
12/8/2020,ENDURANCE 42-30-1V,50,0
12/9/2020,ENDURANCE 42-30-1V,129,0
12/10/2020,ENDURANCE 42-30-1V,69,0
12/11/2020,ENDURANCE 42-30-1V,56,0
12/12/2020,ENDURANCE 42-30-1V,1274,0
12/13/2020,ENDURANCE 42-30-1V,70,0
12/14/2020,ENDURANCE 42-30-1V,50,0
12/15/2020,ENDURANCE 42-30-1V,50,0
12/16/2020,ENDURANCE 42-30-1V,68,0
12/17/2020,ENDURANCE 42-30-1V,84,0
12/18/2020,ENDURANCE 42-30-1V,0,0
12/19/2020,ENDURANCE 42-30-1V,52,0
12/20/2020,ENDURANCE 42-30-1V,87,0
12/21/2020,ENDURANCE 42-30-1V,53,0
12/22/2020,ENDURANCE 42-30-1V,72,0
12/23/2020,ENDURANCE 42-30-1V,60,0
12/24/2020,ENDURANCE 42-30-1V,77,0
12/25/2020,ENDURANCE 42-30-1V,36,0
12/26/2020,ENDURANCE 42-30-1V,74,0
12/27/2020,ENDURANCE 42-30-1V,74,0
12/28/2020,ENDURANCE 42-30-1V,39,0
12/29/2020,ENDURANCE 42-30-1V,90,0
12/30/2020,ENDURANCE 42-30-1V,58,0
12/31/2020,ENDURANCE 42-30-1V,72,0
12/1/2020,ENDURANCE 44-32,159.12,0
12/2/2020,ENDURANCE 44-32,203.13,0
12/3/2020,ENDURANCE 44-32,203.63,0
12/4/2020,ENDURANCE 44-32,214.06,0
12/5/2020,ENDURANCE 44-32,165.41,0
12/6/2020,ENDURANCE 44-32,155.35,0
12/7/2020,ENDURANCE 44-32,165.12,0
12/8/2020,ENDURANCE 44-32,164.86,0
12/9/2020,ENDURANCE 44-32,153.45,0
12/10/2020,ENDURANCE 44-32,169.5,0
12/11/2020,ENDURANCE 44-32,159.74,0
12/12/2020,ENDURANCE 44-32,177.48,0
12/13/2020,ENDURANCE 44-32,192.4,0
12/14/2020,ENDURANCE 44-32,199.76,0
12/15/2020,ENDURANCE 44-32,196.6,0
12/16/2020,ENDURANCE 44-32,192.35,0
12/17/2020,ENDURANCE 44-32,202.39,0
12/18/2020,ENDURANCE 44-32,198.99,0
12/19/2020,ENDURANCE 44-32,206.57,0
12/20/2020,ENDURANCE 44-32,197.28,0
12/21/2020,ENDURANCE 44-32,208.26,0
12/22/2020,ENDURANCE 44-32,208.93,0
12/23/2020,ENDURANCE 44-32,179.96,0
12/24/2020,ENDURANCE 44-32,193.92,0
12/25/2020,ENDURANCE 44-32,171,0
12/26/2020,ENDURANCE 44-32,186.71,0
12/27/2020,ENDURANCE 44-32,163.03,0
12/28/2020,ENDURANCE 44-32,148.43,0
12/29/2020,ENDURANCE 44-32,185.26,0
12/30/2020,ENDURANCE 44-32,200.97,0
12/31/2020,ENDURANCE 44-32,198.09,0
12/1/2020,ENDURANCE UNIT 23-5,136.26,0
12/2/2020,ENDURANCE UNIT 23-5,156.12,0
12/3/2020,ENDURANCE UNIT 23-5,155.38,0
12/4/2020,ENDURANCE UNIT 23-5,144.64,0
12/5/2020,ENDURANCE UNIT 23-5,122.55,0
12/6/2020,ENDURANCE UNIT 23-5,131.5,0
12/7/2020,ENDURANCE UNIT 23-5,134.9,0
12/8/2020,ENDURANCE UNIT 23-5,136.65,0
12/9/2020,ENDURANCE UNIT 23-5,133.86,0
12/10/2020,ENDURANCE UNIT 23-5,132.53,0
12/11/2020,ENDURANCE UNIT 23-5,118.32,0
12/12/2020,ENDURANCE UNIT 23-5,126.75,0
12/13/2020,ENDURANCE UNIT 23-5,149.09,0
12/14/2020,ENDURANCE UNIT 23-5,145.54,0
12/15/2020,ENDURANCE UNIT 23-5,137.32,0
12/16/2020,ENDURANCE UNIT 23-5,114.51,0
12/17/2020,ENDURANCE UNIT 23-5,168.53,0
12/18/2020,ENDURANCE UNIT 23-5,161.65,0
12/19/2020,ENDURANCE UNIT 23-5,148.39,0
12/20/2020,ENDURANCE UNIT 23-5,158.76,0
12/21/2020,ENDURANCE UNIT 23-5,145.11,0
12/22/2020,ENDURANCE UNIT 23-5,155.88,0
12/23/2020,ENDURANCE UNIT 23-5,154.26,0
12/24/2020,ENDURANCE UNIT 23-5,153.27,0
12/25/2020,ENDURANCE UNIT 23-5,153.75,0
12/26/2020,ENDURANCE UNIT 23-5,150.32,0
12/27/2020,ENDURANCE UNIT 23-5,155.34,0
12/28/2020,ENDURANCE UNIT 23-5,153.64,0
12/29/2020,ENDURANCE UNIT 23-5,146.66,0
12/30/2020,ENDURANCE UNIT 23-5,125.15,0
12/31/2020,ENDURANCE UNIT 23-5,126.75,0
12/1/2020,ENDURANCE UNIT 42-5,151,151
12/2/2020,ENDURANCE UNIT 42-5,150,150
12/3/2020,ENDURANCE UNIT 42-5,146,146
12/4/2020,ENDURANCE UNIT 42-5,151,151
12/5/2020,ENDURANCE UNIT 42-5,144,144
12/6/2020,ENDURANCE UNIT 42-5,148,148
12/7/2020,ENDURANCE UNIT 42-5,147,147
12/8/2020,ENDURANCE UNIT 42-5,149,149
12/9/2020,ENDURANCE UNIT 42-5,147,147
12/10/2020,ENDURANCE UNIT 42-5,151,151
12/11/2020,ENDURANCE UNIT 42-5,152,152
12/12/2020,ENDURANCE UNIT 42-5,114,114
12/13/2020,ENDURANCE UNIT 42-5,56,56
12/14/2020,ENDURANCE UNIT 42-5,157,157
12/15/2020,ENDURANCE UNIT 42-5,175,175
12/16/2020,ENDURANCE UNIT 42-5,179,179
12/17/2020,ENDURANCE UNIT 42-5,174,174
12/18/2020,ENDURANCE UNIT 42-5,172,172
12/19/2020,ENDURANCE UNIT 42-5,166,166
12/20/2020,ENDURANCE UNIT 42-5,163,163
12/21/2020,ENDURANCE UNIT 42-5,164,164
12/22/2020,ENDURANCE UNIT 42-5,158,158
12/23/2020,ENDURANCE UNIT 42-5,128,128
12/24/2020,ENDURANCE UNIT 42-5,118,118
12/25/2020,ENDURANCE UNIT 42-5,132,132
12/26/2020,ENDURANCE UNIT 42-5,158,158
12/27/2020,ENDURANCE UNIT 42-5,161,161
12/28/2020,ENDURANCE UNIT 42-5,151,151
12/29/2020,ENDURANCE UNIT 42-5,157,157
12/30/2020,ENDURANCE UNIT 42-5,157,157
12/31/2020,ENDURANCE UNIT 42-5,157,157
12/1/2020,ENDURANCE UNIT 44-29,110.72,0
12/2/2020,ENDURANCE UNIT 44-29,113.48,0
12/3/2020,ENDURANCE UNIT 44-29,115.45,0
12/4/2020,ENDURANCE UNIT 44-29,108.95,0
12/5/2020,ENDURANCE UNIT 44-29,68.28,0
12/6/2020,ENDURANCE UNIT 44-29,108.71,0
12/7/2020,ENDURANCE UNIT 44-29,107.93,0
12/8/2020,ENDURANCE UNIT 44-29,104.23,0
12/9/2020,ENDURANCE UNIT 44-29,123.33,0
12/10/2020,ENDURANCE UNIT 44-29,102.7,0
12/11/2020,ENDURANCE UNIT 44-29,104.11,0
12/12/2020,ENDURANCE UNIT 44-29,104.22,0
12/13/2020,ENDURANCE UNIT 44-29,103.24,0
12/14/2020,ENDURANCE UNIT 44-29,102.83,0
12/15/2020,ENDURANCE UNIT 44-29,60.51,0
12/16/2020,ENDURANCE UNIT 44-29,108.96,0
12/17/2020,ENDURANCE UNIT 44-29,119.91,0
12/18/2020,ENDURANCE UNIT 44-29,106.55,0
12/19/2020,ENDURANCE UNIT 44-29,109.19,0
12/20/2020,ENDURANCE UNIT 44-29,108.31,0
12/21/2020,ENDURANCE UNIT 44-29,106.1,0
12/22/2020,ENDURANCE UNIT 44-29,106.27,0
12/23/2020,ENDURANCE UNIT 44-29,106.89,0
12/24/2020,ENDURANCE UNIT 44-29,114.24,0
12/25/2020,ENDURANCE UNIT 44-29,93.97,0
12/26/2020,ENDURANCE UNIT 44-29,100.54,0
12/27/2020,ENDURANCE UNIT 44-29,97.72,0
12/28/2020,ENDURANCE UNIT 44-29,106.77,0
12/29/2020,ENDURANCE UNIT 44-29,99.19,0
12/30/2020,ENDURANCE UNIT 44-29,30.07,0
12/31/2020,ENDURANCE UNIT 44-29,85.44,0
12/1/2020,FTUN 1495 S08-23V,1910.59,0
12/2/2020,FTUN 1495 S08-23V,1887.69,0
12/3/2020,FTUN 1495 S08-23V,1874.03,0
12/4/2020,FTUN 1495 S08-23V,1875.49,0
12/5/2020,FTUN 1495 S08-23V,1878.43,0
12/6/2020,FTUN 1495 S08-23V,1878.04,0
12/7/2020,FTUN 1495 S08-23V,1876.54,0
12/8/2020,FTUN 1495 S08-23V,1871.97,0
12/9/2020,FTUN 1495 S08-23V,1864.38,0
12/10/2020,FTUN 1495 S08-23V,1861,0
12/11/2020,FTUN 1495 S08-23V,1854.19,0
12/12/2020,FTUN 1495 S08-23V,1842.39,0
12/13/2020,FTUN 1495 S08-23V,1847.08,0
12/14/2020,FTUN 1495 S08-23V,1779.51,0
12/15/2020,FTUN 1495 S08-23V,1700.79,0
12/16/2020,FTUN 1495 S08-23V,1772.99,0
12/17/2020,FTUN 1495 S08-23V,1777.25,0
12/18/2020,FTUN 1495 S08-23V,1792.46,0
12/19/2020,FTUN 1495 S08-23V,1802.41,0
12/20/2020,FTUN 1495 S08-23V,1799.58,0
12/21/2020,FTUN 1495 S08-23V,1804.26,0
12/22/2020,FTUN 1495 S08-23V,1810.51,0
12/23/2020,FTUN 1495 S08-23V,1782.73,0
12/24/2020,FTUN 1495 S08-23V,1928.35,0
12/25/2020,FTUN 1495 S08-23V,1693.15,0
12/26/2020,FTUN 1495 S08-23V,1700.63,0
12/27/2020,FTUN 1495 S08-23V,1710.16,0
12/28/2020,FTUN 1495 S08-23V,1699.79,0
12/29/2020,FTUN 1495 S08-23V,1591.23,0
12/30/2020,FTUN 1495 S08-23V,1651.76,0
12/31/2020,FTUN 1495 S08-23V,1719.88,0
12/1/2020,FTUN 1495 S08-24V,1190.92,0
12/2/2020,FTUN 1495 S08-24V,1176.4,0
12/3/2020,FTUN 1495 S08-24V,1182.03,0
12/4/2020,FTUN 1495 S08-24V,1179.39,0
12/5/2020,FTUN 1495 S08-24V,1173.03,0
12/6/2020,FTUN 1495 S08-24V,1170.45,0
12/7/2020,FTUN 1495 S08-24V,1173.2,0
12/8/2020,FTUN 1495 S08-24V,1173.1,0
12/9/2020,FTUN 1495 S08-24V,1170.01,0
12/10/2020,FTUN 1495 S08-24V,1161.47,0
12/11/2020,FTUN 1495 S08-24V,1162.76,0
12/12/2020,FTUN 1495 S08-24V,1149.41,0
12/13/2020,FTUN 1495 S08-24V,1162.85,0
12/14/2020,FTUN 1495 S08-24V,1161.49,0
12/15/2020,FTUN 1495 S08-24V,1156.25,0
12/16/2020,FTUN 1495 S08-24V,1161.94,0
12/17/2020,FTUN 1495 S08-24V,1164.56,0
12/18/2020,FTUN 1495 S08-24V,1174.53,0
12/19/2020,FTUN 1495 S08-24V,1168.83,0
12/20/2020,FTUN 1495 S08-24V,1167.35,0
12/21/2020,FTUN 1495 S08-24V,1160.47,0
12/22/2020,FTUN 1495 S08-24V,1165.23,0
12/23/2020,FTUN 1495 S08-24V,1160.7,0
12/24/2020,FTUN 1495 S08-24V,1031.34,0
12/25/2020,FTUN 1495 S08-24V,1067.97,0
12/26/2020,FTUN 1495 S08-24V,1154.64,0
12/27/2020,FTUN 1495 S08-24V,1168.94,0
12/28/2020,FTUN 1495 S08-24V,1126.73,0
12/29/2020,FTUN 1495 S08-24V,1085.57,0
12/30/2020,FTUN 1495 S08-24V,1140.48,0
12/31/2020,FTUN 1495 S08-24V,1173.17,0
12/1/2020,FTUN 1495 S17-02V,1503.82,0
12/2/2020,FTUN 1495 S17-02V,1486.66,0
12/3/2020,FTUN 1495 S17-02V,1481.81,0
12/4/2020,FTUN 1495 S17-02V,1483.08,0
12/5/2020,FTUN 1495 S17-02V,1482.44,0
12/6/2020,FTUN 1495 S17-02V,1481.4,0
12/7/2020,FTUN 1495 S17-02V,1478.4,0
12/8/2020,FTUN 1495 S17-02V,1475.17,0
12/9/2020,FTUN 1495 S17-02V,1470.96,0
12/10/2020,FTUN 1495 S17-02V,1470.97,0
12/11/2020,FTUN 1495 S17-02V,1465.18,0
12/12/2020,FTUN 1495 S17-02V,1461.18,0
12/13/2020,FTUN 1495 S17-02V,1465.47,0
12/14/2020,FTUN 1495 S17-02V,1458.45,0
12/15/2020,FTUN 1495 S17-02V,1456.58,0
12/16/2020,FTUN 1495 S17-02V,1462.03,0
12/17/2020,FTUN 1495 S17-02V,1461.77,0
12/18/2020,FTUN 1495 S17-02V,1474.28,0
12/19/2020,FTUN 1495 S17-02V,1468.8,0
12/20/2020,FTUN 1495 S17-02V,1460.67,0
12/21/2020,FTUN 1495 S17-02V,1458.48,0
12/22/2020,FTUN 1495 S17-02V,1466.34,0
12/23/2020,FTUN 1495 S17-02V,1465.76,0
12/24/2020,FTUN 1495 S17-02V,1333.11,0
12/25/2020,FTUN 1495 S17-02V,1427.1,0
12/26/2020,FTUN 1495 S17-02V,1466.45,0
12/27/2020,FTUN 1495 S17-02V,1472.06,0
12/28/2020,FTUN 1495 S17-02V,1449.79,0
12/29/2020,FTUN 1495 S17-02V,1376.25,0
12/30/2020,FTUN 1495 S17-02V,1429.21,0
12/31/2020,FTUN 1495 S17-02V,1470.15,0
12/1/2020,FTUN 1495 S17-03V,1452.23,0
12/2/2020,FTUN 1495 S17-03V,1438.1,0
12/3/2020,FTUN 1495 S17-03V,1431.81,0
12/4/2020,FTUN 1495 S17-03V,1430.75,0
12/5/2020,FTUN 1495 S17-03V,1429.73,0
12/6/2020,FTUN 1495 S17-03V,1427.23,0
12/7/2020,FTUN 1495 S17-03V,1425.48,0
12/8/2020,FTUN 1495 S17-03V,1426.22,0
12/9/2020,FTUN 1495 S17-03V,1322.64,0
12/10/2020,FTUN 1495 S17-03V,1420.18,0
12/11/2020,FTUN 1495 S17-03V,1415.69,0
12/12/2020,FTUN 1495 S17-03V,1405.43,0
12/13/2020,FTUN 1495 S17-03V,1411.42,0
12/14/2020,FTUN 1495 S17-03V,1403.88,0
12/15/2020,FTUN 1495 S17-03V,1395.62,0
12/16/2020,FTUN 1495 S17-03V,1406.05,0
12/17/2020,FTUN 1495 S17-03V,1407.49,0
12/18/2020,FTUN 1495 S17-03V,1419.54,0
12/19/2020,FTUN 1495 S17-03V,1421.58,0
12/20/2020,FTUN 1495 S17-03V,1413.35,0
12/21/2020,FTUN 1495 S17-03V,1408.68,0
12/22/2020,FTUN 1495 S17-03V,1422.14,0
12/23/2020,FTUN 1495 S17-03V,1416.82,0
12/24/2020,FTUN 1495 S17-03V,1407.56,0
12/25/2020,FTUN 1495 S17-03V,1380.94,0
12/26/2020,FTUN 1495 S17-03V,1413.53,0
12/27/2020,FTUN 1495 S17-03V,1427.91,0
12/28/2020,FTUN 1495 S17-03V,1400.85,0
12/29/2020,FTUN 1495 S17-03V,1318.01,0
12/30/2020,FTUN 1495 S17-03V,1371.92,0
12/31/2020,FTUN 1495 S17-03V,1414.99,0
12/1/2020,POLAR BAR 2,256.7,0
12/2/2020,POLAR BAR 2,248.5,0
12/3/2020,POLAR BAR 2,255.32,0
12/4/2020,POLAR BAR 2,246.1,0
12/5/2020,POLAR BAR 2,248.23,0
12/6/2020,POLAR BAR 2,252.45,0
12/7/2020,POLAR BAR 2,250.69,0
12/8/2020,POLAR BAR 2,258.59,0
12/9/2020,POLAR BAR 2,249.33,0
12/10/2020,POLAR BAR 2,256.72,0
12/11/2020,POLAR BAR 2,247.8,0
12/12/2020,POLAR BAR 2,253.29,0
12/13/2020,POLAR BAR 2,256.35,0
12/14/2020,POLAR BAR 2,253.21,0
12/15/2020,POLAR BAR 2,254.65,0
12/16/2020,POLAR BAR 2,250.63,0
12/17/2020,POLAR BAR 2,255.7,0
12/18/2020,POLAR BAR 2,255.94,0
12/19/2020,POLAR BAR 2,254.79,0
12/20/2020,POLAR BAR 2,247.29,0
12/21/2020,POLAR BAR 2,254.22,0
12/22/2020,POLAR BAR 2,258.47,0
12/23/2020,POLAR BAR 2,254.79,0
12/24/2020,POLAR BAR 2,246.59,0
12/25/2020,POLAR BAR 2,250.23,0
12/26/2020,POLAR BAR 2,252.92,0
12/27/2020,POLAR BAR 2,247.74,0
12/28/2020,POLAR BAR 2,233.91,0
12/29/2020,POLAR BAR 2,238.2,0
12/30/2020,POLAR BAR 2,238.34,0
12/31/2020,POLAR BAR 2,241.66,0
12/1/2020,POWDER MOUNTAIN UNIT 34-26X,35.28,35.28
12/2/2020,POWDER MOUNTAIN UNIT 34-26X,74.54,74.54
12/3/2020,POWDER MOUNTAIN UNIT 34-26X,94.33,94.33
12/4/2020,POWDER MOUNTAIN UNIT 34-26X,67.34,67.34
12/5/2020,POWDER MOUNTAIN UNIT 34-26X,55.34,55.34
12/6/2020,POWDER MOUNTAIN UNIT 34-26X,54.92,54.92
12/7/2020,POWDER MOUNTAIN UNIT 34-26X,64.44,64.44
12/8/2020,POWDER MOUNTAIN UNIT 34-26X,83.6,83.6
12/9/2020,POWDER MOUNTAIN UNIT 34-26X,58.57,58.57
12/10/2020,POWDER MOUNTAIN UNIT 34-26X,43.1,43.1
12/11/2020,POWDER MOUNTAIN UNIT 34-26X,51.81,51.81
12/12/2020,POWDER MOUNTAIN UNIT 34-26X,111.46,111.46
12/13/2020,POWDER MOUNTAIN UNIT 34-26X,43.45,43.45
12/14/2020,POWDER MOUNTAIN UNIT 34-26X,33.7,33.7
12/15/2020,POWDER MOUNTAIN UNIT 34-26X,22.81,22.81
12/16/2020,POWDER MOUNTAIN UNIT 34-26X,11.11,11.11
12/17/2020,POWDER MOUNTAIN UNIT 34-26X,9.19,9.19
12/18/2020,POWDER MOUNTAIN UNIT 34-26X,0.14,0.14
12/19/2020,POWDER MOUNTAIN UNIT 34-26X,63.57,63.57
12/20/2020,POWDER MOUNTAIN UNIT 34-26X,70.16,70.16
12/21/2020,POWDER MOUNTAIN UNIT 34-26X,78.18,78.18
12/22/2020,POWDER MOUNTAIN UNIT 34-26X,85.44,85.44
12/23/2020,POWDER MOUNTAIN UNIT 34-26X,66.9,66.9
12/24/2020,POWDER MOUNTAIN UNIT 34-26X,54.46,54.46
12/25/2020,POWDER MOUNTAIN UNIT 34-26X,77.54,77.54
12/26/2020,POWDER MOUNTAIN UNIT 34-26X,68.73,68.73
12/27/2020,POWDER MOUNTAIN UNIT 34-26X,54.82,54.82
12/28/2020,POWDER MOUNTAIN UNIT 34-26X,98.18,98.18
12/29/2020,POWDER MOUNTAIN UNIT 34-26X,42.34,42.34
12/30/2020,POWDER MOUNTAIN UNIT 34-26X,0.22,0.22
12/31/2020,POWDER MOUNTAIN UNIT 34-26X,35.69,35.69
12/1/2020,WEST SLOPE UNIT 33-32,85.33,0
12/2/2020,WEST SLOPE UNIT 33-32,80.89,0
12/3/2020,WEST SLOPE UNIT 33-32,81.06,0
12/4/2020,WEST SLOPE UNIT 33-32,75.95,0
12/5/2020,WEST SLOPE UNIT 33-32,79.84,0
12/6/2020,WEST SLOPE UNIT 33-32,85.63,0
12/7/2020,WEST SLOPE UNIT 33-32,82.81,0
12/8/2020,WEST SLOPE UNIT 33-32,82.16,0
12/9/2020,WEST SLOPE UNIT 33-32,95.14,0
12/10/2020,WEST SLOPE UNIT 33-32,85.39,0
12/11/2020,WEST SLOPE UNIT 33-32,80.31,0
12/12/2020,WEST SLOPE UNIT 33-32,86.54,0
12/13/2020,WEST SLOPE UNIT 33-32,87.56,0
12/14/2020,WEST SLOPE UNIT 33-32,86.01,0
12/15/2020,WEST SLOPE UNIT 33-32,84.18,0
12/16/2020,WEST SLOPE UNIT 33-32,84.61,0
12/17/2020,WEST SLOPE UNIT 33-32,81.99,0
12/18/2020,WEST SLOPE UNIT 33-32,65.85,0
12/19/2020,WEST SLOPE UNIT 33-32,55.34,0
12/20/2020,WEST SLOPE UNIT 33-32,87.19,0
12/21/2020,WEST SLOPE UNIT 33-32,76.6,0
12/22/2020,WEST SLOPE UNIT 33-32,83.49,0
12/23/2020,WEST SLOPE UNIT 33-32,77.51,0
12/24/2020,WEST SLOPE UNIT 33-32,76.84,0
12/25/2020,WEST SLOPE UNIT 33-32,33.78,0
12/26/2020,WEST SLOPE UNIT 33-32,53.39,0
12/27/2020,WEST SLOPE UNIT 33-32,64.5,0
12/28/2020,WEST SLOPE UNIT 33-32,82.52,0
12/29/2020,WEST SLOPE UNIT 33-32,91.18,0
12/30/2020,WEST SLOPE UNIT 33-32,91.99,0
12/31/2020,WEST SLOPE UNIT 33-32,93.91,0
